bnet,method,run,rmsd,n_states,n_attractors,update_scheme
n010_000.bnet,sd_mc,,0.11748355580895091,1024,2,asynchronous
n010_000.bnet,null_mc,,0.15076390645874893,1024,2,asynchronous
n010_000.bnet,ref,,0.35032806837406333,1024,2,asynchronous
n010_000.bnet,random_mc,0.0,0.15021099244436878,1024,2,asynchronous
n010_000.bnet,random_mc,1.0,0.1516120036256663,1024,2,asynchronous
n010_000.bnet,random_mc,2.0,0.15077898996054728,1024,2,asynchronous
n010_000.bnet,random_mc,3.0,0.15055504689924312,1024,2,asynchronous
n010_000.bnet,random_mc,4.0,0.15111285781928074,1024,2,asynchronous
n010_000.bnet,random_mc,5.0,0.15020564064960765,1024,2,asynchronous
n010_000.bnet,random_mc,6.0,0.15083525207420542,1024,2,asynchronous
n010_000.bnet,random_mc,7.0,0.15078480641045444,1024,2,asynchronous
n010_000.bnet,random_mc,8.0,0.15090121171270332,1024,2,asynchronous
n010_000.bnet,random_mc,9.0,0.14987920942546595,1024,2,asynchronous
n010_000.bnet,random_mc,10.0,0.15104949139332646,1024,2,asynchronous
n010_000.bnet,random_mc,11.0,0.15188860710297075,1024,2,asynchronous
n010_000.bnet,random_mc,12.0,0.1510182870543422,1024,2,asynchronous
n010_000.bnet,random_mc,13.0,0.1497075552992089,1024,2,asynchronous
n010_000.bnet,random_mc,14.0,0.15186201805877855,1024,2,asynchronous
n010_000.bnet,random_mc,15.0,0.15002284111814018,1024,2,asynchronous
n010_000.bnet,random_mc,16.0,0.15070480843116862,1024,2,asynchronous
n010_000.bnet,random_mc,17.0,0.15071697492078168,1024,2,asynchronous
n010_000.bnet,random_mc,18.0,0.15005420438087344,1024,2,asynchronous
n010_000.bnet,random_mc,19.0,0.1513821897850328,1024,2,asynchronous
n010_000.bnet,random_mc,20.0,0.15047563788989443,1024,2,asynchronous
n010_000.bnet,random_mc,21.0,0.15089494194075692,1024,2,asynchronous
n010_000.bnet,random_mc,22.0,0.15091790132795332,1024,2,asynchronous
n010_000.bnet,random_mc,23.0,0.15100031851459866,1024,2,asynchronous
n010_000.bnet,random_mc,24.0,0.1503776589840926,1024,2,asynchronous
n010_000.bnet,random_mc,25.0,0.15120414822689088,1024,2,asynchronous
n010_000.bnet,random_mc,26.0,0.1510233752637187,1024,2,asynchronous
n010_000.bnet,random_mc,27.0,0.1505882022897356,1024,2,asynchronous
n010_000.bnet,random_mc,28.0,0.15018509252315831,1024,2,asynchronous
n010_000.bnet,random_mc,29.0,0.15033838590815285,1024,2,asynchronous
n010_001.bnet,sd_mc,,0.03314563036811941,64,5,asynchronous
n010_001.bnet,null_mc,,0.11943258379420271,64,5,asynchronous
n010_001.bnet,ref,,0.2334181858364225,64,5,asynchronous
n010_001.bnet,random_mc,0.0,0.11431234092332927,64,5,asynchronous
n010_001.bnet,random_mc,1.0,0.09983628455267031,64,5,asynchronous
n010_001.bnet,random_mc,2.0,0.1093269948593999,64,5,asynchronous
n010_001.bnet,random_mc,3.0,0.13500703253128993,64,5,asynchronous
n010_001.bnet,random_mc,4.0,0.10424665644553134,64,5,asynchronous
n010_001.bnet,random_mc,5.0,0.11657326981387747,64,5,asynchronous
n010_001.bnet,random_mc,6.0,0.123325854105151,64,5,asynchronous
n010_001.bnet,random_mc,7.0,0.10760881307798453,64,5,asynchronous
n010_001.bnet,random_mc,8.0,0.11745367501630621,64,5,asynchronous
n010_001.bnet,random_mc,9.0,0.13029568135654768,64,5,asynchronous
n010_001.bnet,random_mc,10.0,0.1401283354526966,64,5,asynchronous
n010_001.bnet,random_mc,11.0,0.13419911217275568,64,5,asynchronous
n010_001.bnet,random_mc,12.0,0.1197377599724943,64,5,asynchronous
n010_001.bnet,random_mc,13.0,0.11723796797176164,64,5,asynchronous
n010_001.bnet,random_mc,14.0,0.09369620271657209,64,5,asynchronous
n010_001.bnet,random_mc,15.0,0.12161849995378905,64,5,asynchronous
n010_001.bnet,random_mc,16.0,0.0987303789020462,64,5,asynchronous
n010_001.bnet,random_mc,17.0,0.14270357668393935,64,5,asynchronous
n010_001.bnet,random_mc,18.0,0.11001118797256408,64,5,asynchronous
n010_001.bnet,random_mc,19.0,0.11965599304784467,64,5,asynchronous
n010_001.bnet,random_mc,20.0,0.1100911552181241,64,5,asynchronous
n010_001.bnet,random_mc,21.0,0.12452795203328601,64,5,asynchronous
n010_001.bnet,random_mc,22.0,0.11135742421837258,64,5,asynchronous
n010_001.bnet,random_mc,23.0,0.11926768721033279,64,5,asynchronous
n010_001.bnet,random_mc,24.0,0.11681851320261843,64,5,asynchronous
n010_001.bnet,random_mc,25.0,0.08351312820539145,64,5,asynchronous
n010_001.bnet,random_mc,26.0,0.1291997772147287,64,5,asynchronous
n010_001.bnet,random_mc,27.0,0.12162237258877778,64,5,asynchronous
n010_001.bnet,random_mc,28.0,0.12607946043887105,64,5,asynchronous
n010_001.bnet,random_mc,29.0,0.1235395774603291,64,5,asynchronous
n010_004.bnet,sd_mc,,0.029055349959744365,512,4,asynchronous
n010_004.bnet,null_mc,,0.13066931602629592,512,4,asynchronous
n010_004.bnet,ref,,0.39542468417884,512,4,asynchronous
n010_004.bnet,random_mc,0.0,0.12777381063829985,512,4,asynchronous
n010_004.bnet,random_mc,1.0,0.12652787218263287,512,4,asynchronous
n010_004.bnet,random_mc,2.0,0.11808613431411534,512,4,asynchronous
n010_004.bnet,random_mc,3.0,0.1342047895191474,512,4,asynchronous
n010_004.bnet,random_mc,4.0,0.12736810509479535,512,4,asynchronous
n010_004.bnet,random_mc,5.0,0.13174859163400668,512,4,asynchronous
n010_004.bnet,random_mc,6.0,0.1313028911856716,512,4,asynchronous
n010_004.bnet,random_mc,7.0,0.12758609511774277,512,4,asynchronous
n010_004.bnet,random_mc,8.0,0.1206576418837222,512,4,asynchronous
n010_004.bnet,random_mc,9.0,0.13367868490717258,512,4,asynchronous
n010_004.bnet,random_mc,10.0,0.13383974709828805,512,4,asynchronous
n010_004.bnet,random_mc,11.0,0.14592074935355162,512,4,asynchronous
n010_004.bnet,random_mc,12.0,0.12966993245646252,512,4,asynchronous
n010_004.bnet,random_mc,13.0,0.12502314887552005,512,4,asynchronous
n010_004.bnet,random_mc,14.0,0.12143315814166894,512,4,asynchronous
n010_004.bnet,random_mc,15.0,0.13577621556522695,512,4,asynchronous
n010_004.bnet,random_mc,16.0,0.12806515852319927,512,4,asynchronous
n010_004.bnet,random_mc,17.0,0.13058383638686927,512,4,asynchronous
n010_004.bnet,random_mc,18.0,0.12364890175218085,512,4,asynchronous
n010_004.bnet,random_mc,19.0,0.12813737247928522,512,4,asynchronous
n010_004.bnet,random_mc,20.0,0.13905158843202423,512,4,asynchronous
n010_004.bnet,random_mc,21.0,0.13102318915371988,512,4,asynchronous
n010_004.bnet,random_mc,22.0,0.12634615832881865,512,4,asynchronous
n010_004.bnet,random_mc,23.0,0.1267623892232406,512,4,asynchronous
n010_004.bnet,random_mc,24.0,0.13109489152353584,512,4,asynchronous
n010_004.bnet,random_mc,25.0,0.1375363568967452,512,4,asynchronous
n010_004.bnet,random_mc,26.0,0.1263222171122762,512,4,asynchronous
n010_004.bnet,random_mc,27.0,0.13695662333395817,512,4,asynchronous
n010_004.bnet,random_mc,28.0,0.11947028849686599,512,4,asynchronous
n010_004.bnet,random_mc,29.0,0.13831083920882262,512,4,asynchronous
n010_006.bnet,sd_mc,,0.02708608193875193,1024,2,asynchronous
n010_006.bnet,null_mc,,0.0641543402573029,1024,2,asynchronous
n010_006.bnet,ref,,0.42322072181528375,1024,2,asynchronous
n010_006.bnet,random_mc,0.0,0.07187532580408441,1024,2,asynchronous
n010_006.bnet,random_mc,1.0,0.06866544405108092,1024,2,asynchronous
n010_006.bnet,random_mc,2.0,0.0661867051074736,1024,2,asynchronous
n010_006.bnet,random_mc,3.0,0.06925396007872911,1024,2,asynchronous
n010_006.bnet,random_mc,4.0,0.06718225373582055,1024,2,asynchronous
n010_006.bnet,random_mc,5.0,0.06310125605244361,1024,2,asynchronous
n010_006.bnet,random_mc,6.0,0.07167981018453093,1024,2,asynchronous
n010_006.bnet,random_mc,7.0,0.06195947110894735,1024,2,asynchronous
n010_006.bnet,random_mc,8.0,0.05704781181617062,1024,2,asynchronous
n010_006.bnet,random_mc,9.0,0.07293621705754043,1024,2,asynchronous
n010_006.bnet,random_mc,10.0,0.06649125521924878,1024,2,asynchronous
n010_006.bnet,random_mc,11.0,0.061393511340406,1024,2,asynchronous
n010_006.bnet,random_mc,12.0,0.04096631894049793,1024,2,asynchronous
n010_006.bnet,random_mc,13.0,0.06406403602684717,1024,2,asynchronous
n010_006.bnet,random_mc,14.0,0.06160205179119999,1024,2,asynchronous
n010_006.bnet,random_mc,15.0,0.06660577780216762,1024,2,asynchronous
n010_006.bnet,random_mc,16.0,0.06253998226499939,1024,2,asynchronous
n010_006.bnet,random_mc,17.0,0.0688552022480729,1024,2,asynchronous
n010_006.bnet,random_mc,18.0,0.05833408751181459,1024,2,asynchronous
n010_006.bnet,random_mc,19.0,0.06672201605582227,1024,2,asynchronous
n010_006.bnet,random_mc,20.0,0.0676162970159142,1024,2,asynchronous
n010_006.bnet,random_mc,21.0,0.05830746824135686,1024,2,asynchronous
n010_006.bnet,random_mc,22.0,0.0677177081753887,1024,2,asynchronous
n010_006.bnet,random_mc,23.0,0.06301931954701934,1024,2,asynchronous
n010_006.bnet,random_mc,24.0,0.04992076830233264,1024,2,asynchronous
n010_006.bnet,random_mc,25.0,0.06733979228676322,1024,2,asynchronous
n010_006.bnet,random_mc,26.0,0.06236053684428498,1024,2,asynchronous
n010_006.bnet,random_mc,27.0,0.06608849371591108,1024,2,asynchronous
n010_006.bnet,random_mc,28.0,0.06704760737298793,1024,2,asynchronous
n010_006.bnet,random_mc,29.0,0.06323698794871882,1024,2,asynchronous
n010_007.bnet,sd_mc,,0.008048006239471921,512,2,asynchronous
n010_007.bnet,null_mc,,0.005875262714779811,512,2,asynchronous
n010_007.bnet,ref,,0.4423630873986149,512,2,asynchronous
n010_007.bnet,random_mc,0.0,0.003553662495104093,512,2,asynchronous
n010_007.bnet,random_mc,1.0,0.001870994359187105,512,2,asynchronous
n010_007.bnet,random_mc,2.0,0.009512806668510456,512,2,asynchronous
n010_007.bnet,random_mc,3.0,0.005683279134441467,512,2,asynchronous
n010_007.bnet,random_mc,4.0,0.0043340733548075765,512,2,asynchronous
n010_007.bnet,random_mc,5.0,0.011298500608151877,512,2,asynchronous
n010_007.bnet,random_mc,6.0,0.013134934541220413,512,2,asynchronous
n010_007.bnet,random_mc,7.0,0.006108216370947869,512,2,asynchronous
n010_007.bnet,random_mc,8.0,0.0053298805753227525,512,2,asynchronous
n010_007.bnet,random_mc,9.0,0.0005857213691614523,512,2,asynchronous
n010_007.bnet,random_mc,10.0,0.004667396083654144,512,2,asynchronous
n010_007.bnet,random_mc,11.0,0.002079579077819347,512,2,asynchronous
n010_007.bnet,random_mc,12.0,0.0012483299575953332,512,2,asynchronous
n010_007.bnet,random_mc,13.0,0.004042524667969016,512,2,asynchronous
n010_007.bnet,random_mc,14.0,0.0037302739140658587,512,2,asynchronous
n010_007.bnet,random_mc,15.0,0.0011837939755411822,512,2,asynchronous
n010_007.bnet,random_mc,16.0,0.0045024568814137625,512,2,asynchronous
n010_007.bnet,random_mc,17.0,0.0011920423404277792,512,2,asynchronous
n010_007.bnet,random_mc,18.0,0.006102360202156228,512,2,asynchronous
n010_007.bnet,random_mc,19.0,0.020476259734056066,512,2,asynchronous
n010_007.bnet,random_mc,20.0,0.006994680142854969,512,2,asynchronous
n010_007.bnet,random_mc,21.0,0.012777843624240528,512,2,asynchronous
n010_007.bnet,random_mc,22.0,0.004831603995643941,512,2,asynchronous
n010_007.bnet,random_mc,23.0,0.00023186599495596898,512,2,asynchronous
n010_007.bnet,random_mc,24.0,0.004403019884726911,512,2,asynchronous
n010_007.bnet,random_mc,25.0,0.02274597023718967,512,2,asynchronous
n010_007.bnet,random_mc,26.0,0.00455653961609422,512,2,asynchronous
n010_007.bnet,random_mc,27.0,0.007829864575418082,512,2,asynchronous
n010_007.bnet,random_mc,28.0,0.003847267705623828,512,2,asynchronous
n010_007.bnet,random_mc,29.0,0.006343251553973022,512,2,asynchronous
n010_008.bnet,sd_mc,,0.11775264121708982,256,3,asynchronous
n010_008.bnet,null_mc,,0.21553321612499166,256,3,asynchronous
n010_008.bnet,ref,,0.22383884665725637,256,3,asynchronous
n010_008.bnet,random_mc,0.0,0.2148494654952165,256,3,asynchronous
n010_008.bnet,random_mc,1.0,0.21535583578411213,256,3,asynchronous
n010_008.bnet,random_mc,2.0,0.21343830814714576,256,3,asynchronous
n010_008.bnet,random_mc,3.0,0.21661485646808956,256,3,asynchronous
n010_008.bnet,random_mc,4.0,0.21381239759109125,256,3,asynchronous
n010_008.bnet,random_mc,5.0,0.21563393112756057,256,3,asynchronous
n010_008.bnet,random_mc,6.0,0.21555448957391649,256,3,asynchronous
n010_008.bnet,random_mc,7.0,0.21524252039221367,256,3,asynchronous
n010_008.bnet,random_mc,8.0,0.21327030908905617,256,3,asynchronous
n010_008.bnet,random_mc,9.0,0.21465152620046524,256,3,asynchronous
n010_008.bnet,random_mc,10.0,0.21477960217184505,256,3,asynchronous
n010_008.bnet,random_mc,11.0,0.21555214815395005,256,3,asynchronous
n010_008.bnet,random_mc,12.0,0.21515311919082142,256,3,asynchronous
n010_008.bnet,random_mc,13.0,0.2150292236321688,256,3,asynchronous
n010_008.bnet,random_mc,14.0,0.21537331237092652,256,3,asynchronous
n010_008.bnet,random_mc,15.0,0.21372320811775314,256,3,asynchronous
n010_008.bnet,random_mc,16.0,0.2155943856461591,256,3,asynchronous
n010_008.bnet,random_mc,17.0,0.21556020808415466,256,3,asynchronous
n010_008.bnet,random_mc,18.0,0.2152982281763381,256,3,asynchronous
n010_008.bnet,random_mc,19.0,0.2158706369042957,256,3,asynchronous
n010_008.bnet,random_mc,20.0,0.21577973341483664,256,3,asynchronous
n010_008.bnet,random_mc,21.0,0.21557582350311053,256,3,asynchronous
n010_008.bnet,random_mc,22.0,0.21484988636102384,256,3,asynchronous
n010_008.bnet,random_mc,23.0,0.2173681327000292,256,3,asynchronous
n010_008.bnet,random_mc,24.0,0.21572880445094952,256,3,asynchronous
n010_008.bnet,random_mc,25.0,0.2141252231170821,256,3,asynchronous
n010_008.bnet,random_mc,26.0,0.21337966579364664,256,3,asynchronous
n010_008.bnet,random_mc,27.0,0.2152510716695272,256,3,asynchronous
n010_008.bnet,random_mc,28.0,0.2160918684778165,256,3,asynchronous
n010_008.bnet,random_mc,29.0,0.21466958630839209,256,3,asynchronous
n010_009.bnet,sd_mc,,0.2515701821621405,256,2,asynchronous
n010_009.bnet,null_mc,,0.3120888984268606,256,2,asynchronous
n010_009.bnet,ref,,0.3361977093439348,256,2,asynchronous
n010_009.bnet,random_mc,0.0,0.31170907196873465,256,2,asynchronous
n010_009.bnet,random_mc,1.0,0.31221391318662844,256,2,asynchronous
n010_009.bnet,random_mc,2.0,0.3120877320426517,256,2,asynchronous
n010_009.bnet,random_mc,3.0,0.3121102554457943,256,2,asynchronous
n010_009.bnet,random_mc,4.0,0.312039201450048,256,2,asynchronous
n010_009.bnet,random_mc,5.0,0.31158838594083815,256,2,asynchronous
n010_009.bnet,random_mc,6.0,0.31249174435296084,256,2,asynchronous
n010_009.bnet,random_mc,7.0,0.3121617674453039,256,2,asynchronous
n010_009.bnet,random_mc,8.0,0.3123787982444195,256,2,asynchronous
n010_009.bnet,random_mc,9.0,0.3121036828763176,256,2,asynchronous
n010_009.bnet,random_mc,10.0,0.3117382168828842,256,2,asynchronous
n010_009.bnet,random_mc,11.0,0.31208673332083736,256,2,asynchronous
n010_009.bnet,random_mc,12.0,0.3120486845728532,256,2,asynchronous
n010_009.bnet,random_mc,13.0,0.31197167576339624,256,2,asynchronous
n010_009.bnet,random_mc,14.0,0.3120986429168779,256,2,asynchronous
n010_009.bnet,random_mc,15.0,0.3111197764802161,256,2,asynchronous
n010_009.bnet,random_mc,16.0,0.3120913146514489,256,2,asynchronous
n010_009.bnet,random_mc,17.0,0.312248480371772,256,2,asynchronous
n010_009.bnet,random_mc,18.0,0.3120795465307087,256,2,asynchronous
n010_009.bnet,random_mc,19.0,0.3121258931024892,256,2,asynchronous
n010_009.bnet,random_mc,20.0,0.3117377426362347,256,2,asynchronous
n010_009.bnet,random_mc,21.0,0.31207912369330243,256,2,asynchronous
n010_009.bnet,random_mc,22.0,0.31230953119975546,256,2,asynchronous
n010_009.bnet,random_mc,23.0,0.3120628396441218,256,2,asynchronous
n010_009.bnet,random_mc,24.0,0.31256001003965567,256,2,asynchronous
n010_009.bnet,random_mc,25.0,0.31216065165359735,256,2,asynchronous
n010_009.bnet,random_mc,26.0,0.31259761717218243,256,2,asynchronous
n010_009.bnet,random_mc,27.0,0.31190562629479623,256,2,asynchronous
n010_009.bnet,random_mc,28.0,0.3119496157080563,256,2,asynchronous
n010_009.bnet,random_mc,29.0,0.31241990079254855,256,2,asynchronous
n010_011.bnet,sd_mc,,0.05011519695566268,512,3,asynchronous
n010_011.bnet,null_mc,,0.2872072308354224,512,3,asynchronous
n010_011.bnet,ref,,0.3014875328591959,512,3,asynchronous
n010_011.bnet,random_mc,0.0,0.2848354292718597,512,3,asynchronous
n010_011.bnet,random_mc,1.0,0.28650263133719023,512,3,asynchronous
n010_011.bnet,random_mc,2.0,0.2895514522296541,512,3,asynchronous
n010_011.bnet,random_mc,3.0,0.2852740134037031,512,3,asynchronous
n010_011.bnet,random_mc,4.0,0.28559228673335396,512,3,asynchronous
n010_011.bnet,random_mc,5.0,0.28803090210116716,512,3,asynchronous
n010_011.bnet,random_mc,6.0,0.2876226416972053,512,3,asynchronous
n010_011.bnet,random_mc,7.0,0.28386377583074385,512,3,asynchronous
n010_011.bnet,random_mc,8.0,0.2835089385986506,512,3,asynchronous
n010_011.bnet,random_mc,9.0,0.2884090389626264,512,3,asynchronous
n010_011.bnet,random_mc,10.0,0.2886702272525569,512,3,asynchronous
n010_011.bnet,random_mc,11.0,0.28689689992517486,512,3,asynchronous
n010_011.bnet,random_mc,12.0,0.28684973209887143,512,3,asynchronous
n010_011.bnet,random_mc,13.0,0.28661691761894786,512,3,asynchronous
n010_011.bnet,random_mc,14.0,0.2848553850145744,512,3,asynchronous
n010_011.bnet,random_mc,15.0,0.2860609900516274,512,3,asynchronous
n010_011.bnet,random_mc,16.0,0.2844855901477488,512,3,asynchronous
n010_011.bnet,random_mc,17.0,0.286782399914033,512,3,asynchronous
n010_011.bnet,random_mc,18.0,0.28061260705155094,512,3,asynchronous
n010_011.bnet,random_mc,19.0,0.28929631623373153,512,3,asynchronous
n010_011.bnet,random_mc,20.0,0.28808963860868353,512,3,asynchronous
n010_011.bnet,random_mc,21.0,0.2877557658757448,512,3,asynchronous
n010_011.bnet,random_mc,22.0,0.2864980743367311,512,3,asynchronous
n010_011.bnet,random_mc,23.0,0.28499399444871965,512,3,asynchronous
n010_011.bnet,random_mc,24.0,0.2842581649077748,512,3,asynchronous
n010_011.bnet,random_mc,25.0,0.28645723100041476,512,3,asynchronous
n010_011.bnet,random_mc,26.0,0.28397780831615044,512,3,asynchronous
n010_011.bnet,random_mc,27.0,0.2857248732385137,512,3,asynchronous
n010_011.bnet,random_mc,28.0,0.2881139707540406,512,3,asynchronous
n010_011.bnet,random_mc,29.0,0.2899555667903104,512,3,asynchronous
n010_013.bnet,sd_mc,,0.0018042195912175742,16,3,asynchronous
n010_013.bnet,null_mc,,0.1260938468091326,16,3,asynchronous
n010_013.bnet,ref,,0.27848759136030937,16,3,asynchronous
n010_013.bnet,random_mc,0.0,0.10837942609844772,16,3,asynchronous
n010_013.bnet,random_mc,1.0,0.09707779684834214,16,3,asynchronous
n010_013.bnet,random_mc,2.0,0.16834377828987232,16,3,asynchronous
n010_013.bnet,random_mc,3.0,0.13447448122118413,16,3,asynchronous
n010_013.bnet,random_mc,4.0,0.14237743731380764,16,3,asynchronous
n010_013.bnet,random_mc,5.0,0.07074519639169859,16,3,asynchronous
n010_013.bnet,random_mc,6.0,0.11607356501889708,16,3,asynchronous
n010_013.bnet,random_mc,7.0,0.1475847664447948,16,3,asynchronous
n010_013.bnet,random_mc,8.0,0.12513943116437304,16,3,asynchronous
n010_013.bnet,random_mc,9.0,0.15043224275162995,16,3,asynchronous
n010_013.bnet,random_mc,10.0,0.11645255650549997,16,3,asynchronous
n010_013.bnet,random_mc,11.0,0.11344827951033308,16,3,asynchronous
n010_013.bnet,random_mc,12.0,0.13470150858189747,16,3,asynchronous
n010_013.bnet,random_mc,13.0,0.08421369290114654,16,3,asynchronous
n010_013.bnet,random_mc,14.0,0.12496705040011095,16,3,asynchronous
n010_013.bnet,random_mc,15.0,0.13588223752988646,16,3,asynchronous
n010_013.bnet,random_mc,16.0,0.06555676015548154,16,3,asynchronous
n010_013.bnet,random_mc,17.0,0.14483649410210436,16,3,asynchronous
n010_013.bnet,random_mc,18.0,0.1344139289609833,16,3,asynchronous
n010_013.bnet,random_mc,19.0,0.1312988398515208,16,3,asynchronous
n010_013.bnet,random_mc,20.0,0.09813634511512433,16,3,asynchronous
n010_013.bnet,random_mc,21.0,0.13852255507277106,16,3,asynchronous
n010_013.bnet,random_mc,22.0,0.03823072771563032,16,3,asynchronous
n010_013.bnet,random_mc,23.0,0.1411768492982393,16,3,asynchronous
n010_013.bnet,random_mc,24.0,0.13568204904470976,16,3,asynchronous
n010_013.bnet,random_mc,25.0,0.12155908574896818,16,3,asynchronous
n010_013.bnet,random_mc,26.0,0.07556801911321555,16,3,asynchronous
n010_013.bnet,random_mc,27.0,0.06510748182120663,16,3,asynchronous
n010_013.bnet,random_mc,28.0,0.1339079449091057,16,3,asynchronous
n010_013.bnet,random_mc,29.0,0.0716331727426126,16,3,asynchronous
n010_015.bnet,sd_mc,,0.07735651798481764,1024,6,asynchronous
n010_015.bnet,null_mc,,0.15741021700270671,1024,6,asynchronous
n010_015.bnet,ref,,0.39989606662189053,1024,6,asynchronous
n010_015.bnet,random_mc,0.0,0.15745772267896846,1024,6,asynchronous
n010_015.bnet,random_mc,1.0,0.15514422911771114,1024,6,asynchronous
n010_015.bnet,random_mc,2.0,0.15663015627745963,1024,6,asynchronous
n010_015.bnet,random_mc,3.0,0.15647299222655228,1024,6,asynchronous
n010_015.bnet,random_mc,4.0,0.15657342432777016,1024,6,asynchronous
n010_015.bnet,random_mc,5.0,0.1577288356013057,1024,6,asynchronous
n010_015.bnet,random_mc,6.0,0.15919985778766327,1024,6,asynchronous
n010_015.bnet,random_mc,7.0,0.15738111678037012,1024,6,asynchronous
n010_015.bnet,random_mc,8.0,0.1555041280959889,1024,6,asynchronous
n010_015.bnet,random_mc,9.0,0.15841792171005797,1024,6,asynchronous
n010_015.bnet,random_mc,10.0,0.15876946319725083,1024,6,asynchronous
n010_015.bnet,random_mc,11.0,0.1560126893471692,1024,6,asynchronous
n010_015.bnet,random_mc,12.0,0.1581433778177048,1024,6,asynchronous
n010_015.bnet,random_mc,13.0,0.15713264952402506,1024,6,asynchronous
n010_015.bnet,random_mc,14.0,0.15388503890007513,1024,6,asynchronous
n010_015.bnet,random_mc,15.0,0.15383731280090823,1024,6,asynchronous
n010_015.bnet,random_mc,16.0,0.15777178770453984,1024,6,asynchronous
n010_015.bnet,random_mc,17.0,0.1563406495059336,1024,6,asynchronous
n010_015.bnet,random_mc,18.0,0.15434162461254772,1024,6,asynchronous
n010_015.bnet,random_mc,19.0,0.15631556385077258,1024,6,asynchronous
n010_015.bnet,random_mc,20.0,0.16046275230937015,1024,6,asynchronous
n010_015.bnet,random_mc,21.0,0.15601751987663054,1024,6,asynchronous
n010_015.bnet,random_mc,22.0,0.15277656835639974,1024,6,asynchronous
n010_015.bnet,random_mc,23.0,0.15561208726872625,1024,6,asynchronous
n010_015.bnet,random_mc,24.0,0.15532664051308287,1024,6,asynchronous
n010_015.bnet,random_mc,25.0,0.1562961286626165,1024,6,asynchronous
n010_015.bnet,random_mc,26.0,0.15596557837957414,1024,6,asynchronous
n010_015.bnet,random_mc,27.0,0.15637882576168427,1024,6,asynchronous
n010_015.bnet,random_mc,28.0,0.1587586651004374,1024,6,asynchronous
n010_015.bnet,random_mc,29.0,0.15594690791469,1024,6,asynchronous
n010_016.bnet,sd_mc,,0.04810391305901359,512,3,asynchronous
n010_016.bnet,null_mc,,0.25708785167713866,512,3,asynchronous
n010_016.bnet,ref,,0.36544840918273086,512,3,asynchronous
n010_016.bnet,random_mc,0.0,0.26663331580347976,512,3,asynchronous
n010_016.bnet,random_mc,1.0,0.2718059478247563,512,3,asynchronous
n010_016.bnet,random_mc,2.0,0.26269258227849857,512,3,asynchronous
n010_016.bnet,random_mc,3.0,0.2510516079207691,512,3,asynchronous
n010_016.bnet,random_mc,4.0,0.24794308704053294,512,3,asynchronous
n010_016.bnet,random_mc,5.0,0.24282592291491964,512,3,asynchronous
n010_016.bnet,random_mc,6.0,0.2526068224421593,512,3,asynchronous
n010_016.bnet,random_mc,7.0,0.2445755185469935,512,3,asynchronous
n010_016.bnet,random_mc,8.0,0.24591319076167456,512,3,asynchronous
n010_016.bnet,random_mc,9.0,0.2603973459019628,512,3,asynchronous
n010_016.bnet,random_mc,10.0,0.2477467323393388,512,3,asynchronous
n010_016.bnet,random_mc,11.0,0.2634039649371428,512,3,asynchronous
n010_016.bnet,random_mc,12.0,0.2548971240515486,512,3,asynchronous
n010_016.bnet,random_mc,13.0,0.26959518605836846,512,3,asynchronous
n010_016.bnet,random_mc,14.0,0.23942404876795753,512,3,asynchronous
n010_016.bnet,random_mc,15.0,0.2500080104917894,512,3,asynchronous
n010_016.bnet,random_mc,16.0,0.24756557104722463,512,3,asynchronous
n010_016.bnet,random_mc,17.0,0.2586640796807629,512,3,asynchronous
n010_016.bnet,random_mc,18.0,0.26185033678698477,512,3,asynchronous
n010_016.bnet,random_mc,19.0,0.2619183104000055,512,3,asynchronous
n010_016.bnet,random_mc,20.0,0.2575209565461431,512,3,asynchronous
n010_016.bnet,random_mc,21.0,0.25666097743381544,512,3,asynchronous
n010_016.bnet,random_mc,22.0,0.2567994910851545,512,3,asynchronous
n010_016.bnet,random_mc,23.0,0.252574948164303,512,3,asynchronous
n010_016.bnet,random_mc,24.0,0.2577064588739891,512,3,asynchronous
n010_016.bnet,random_mc,25.0,0.2515055468057099,512,3,asynchronous
n010_016.bnet,random_mc,26.0,0.24810436029992003,512,3,asynchronous
n010_016.bnet,random_mc,27.0,0.25548983313281026,512,3,asynchronous
n010_016.bnet,random_mc,28.0,0.25413414112673627,512,3,asynchronous
n010_016.bnet,random_mc,29.0,0.25524014413570756,512,3,asynchronous
n010_018.bnet,sd_mc,,0.017294065435024958,128,2,asynchronous
n010_018.bnet,null_mc,,0.017294065435024958,128,2,asynchronous
n010_018.bnet,ref,,0.3783599180098412,128,2,asynchronous
n010_018.bnet,random_mc,0.0,0.017294065435024958,128,2,asynchronous
n010_018.bnet,random_mc,1.0,0.017294065435024958,128,2,asynchronous
n010_018.bnet,random_mc,2.0,0.017294065435024958,128,2,asynchronous
n010_018.bnet,random_mc,3.0,0.017294065435024958,128,2,asynchronous
n010_018.bnet,random_mc,4.0,0.017294065435024958,128,2,asynchronous
n010_018.bnet,random_mc,5.0,0.017294065435024958,128,2,asynchronous
n010_018.bnet,random_mc,6.0,0.017294065435024958,128,2,asynchronous
n010_018.bnet,random_mc,7.0,0.017294065435024958,128,2,asynchronous
n010_018.bnet,random_mc,8.0,0.017294065435024958,128,2,asynchronous
n010_018.bnet,random_mc,9.0,0.017294065435024958,128,2,asynchronous
n010_018.bnet,random_mc,10.0,0.017294065435024958,128,2,asynchronous
n010_018.bnet,random_mc,11.0,0.017294065435024958,128,2,asynchronous
n010_018.bnet,random_mc,12.0,0.017294065435024958,128,2,asynchronous
n010_018.bnet,random_mc,13.0,0.017294065435024958,128,2,asynchronous
n010_018.bnet,random_mc,14.0,0.017294065435024958,128,2,asynchronous
n010_018.bnet,random_mc,15.0,0.017294065435024958,128,2,asynchronous
n010_018.bnet,random_mc,16.0,0.017294065435024958,128,2,asynchronous
n010_018.bnet,random_mc,17.0,0.017294065435024958,128,2,asynchronous
n010_018.bnet,random_mc,18.0,0.017294065435024958,128,2,asynchronous
n010_018.bnet,random_mc,19.0,0.017294065435024958,128,2,asynchronous
n010_018.bnet,random_mc,20.0,0.017294065435024958,128,2,asynchronous
n010_018.bnet,random_mc,21.0,0.017294065435024958,128,2,asynchronous
n010_018.bnet,random_mc,22.0,0.017294065435024958,128,2,asynchronous
n010_018.bnet,random_mc,23.0,0.017294065435024958,128,2,asynchronous
n010_018.bnet,random_mc,24.0,0.017294065435024958,128,2,asynchronous
n010_018.bnet,random_mc,25.0,0.017294065435024958,128,2,asynchronous
n010_018.bnet,random_mc,26.0,0.017294065435024958,128,2,asynchronous
n010_018.bnet,random_mc,27.0,0.017294065435024958,128,2,asynchronous
n010_018.bnet,random_mc,28.0,0.017294065435024958,128,2,asynchronous
n010_018.bnet,random_mc,29.0,0.017294065435024958,128,2,asynchronous
n010_023.bnet,sd_mc,,0.0018698231275042668,512,2,asynchronous
n010_023.bnet,null_mc,,0.28629036459597396,512,2,asynchronous
n010_023.bnet,ref,,0.44382949123643,512,2,asynchronous
n010_023.bnet,random_mc,0.0,0.28513375376775874,512,2,asynchronous
n010_023.bnet,random_mc,1.0,0.2825761017888939,512,2,asynchronous
n010_023.bnet,random_mc,2.0,0.28450505851144203,512,2,asynchronous
n010_023.bnet,random_mc,3.0,0.2855895585912239,512,2,asynchronous
n010_023.bnet,random_mc,4.0,0.2853512301230123,512,2,asynchronous
n010_023.bnet,random_mc,5.0,0.2897220927465691,512,2,asynchronous
n010_023.bnet,random_mc,6.0,0.2893175903271598,512,2,asynchronous
n010_023.bnet,random_mc,7.0,0.2873726151312519,512,2,asynchronous
n010_023.bnet,random_mc,8.0,0.2875328420542781,512,2,asynchronous
n010_023.bnet,random_mc,9.0,0.2953059112597723,512,2,asynchronous
n010_023.bnet,random_mc,10.0,0.2883646401805205,512,2,asynchronous
n010_023.bnet,random_mc,11.0,0.29136142900549017,512,2,asynchronous
n010_023.bnet,random_mc,12.0,0.2880085490387092,512,2,asynchronous
n010_023.bnet,random_mc,13.0,0.285181025304144,512,2,asynchronous
n010_023.bnet,random_mc,14.0,0.2905125559995329,512,2,asynchronous
n010_023.bnet,random_mc,15.0,0.27753277940001003,512,2,asynchronous
n010_023.bnet,random_mc,16.0,0.2864632734513219,512,2,asynchronous
n010_023.bnet,random_mc,17.0,0.29307489411132376,512,2,asynchronous
n010_023.bnet,random_mc,18.0,0.3020891814122012,512,2,asynchronous
n010_023.bnet,random_mc,19.0,0.2857511683763117,512,2,asynchronous
n010_023.bnet,random_mc,20.0,0.29159997151890105,512,2,asynchronous
n010_023.bnet,random_mc,21.0,0.2801757262261698,512,2,asynchronous
n010_023.bnet,random_mc,22.0,0.28881744415878874,512,2,asynchronous
n010_023.bnet,random_mc,23.0,0.28697170874276756,512,2,asynchronous
n010_023.bnet,random_mc,24.0,0.289231029990411,512,2,asynchronous
n010_023.bnet,random_mc,25.0,0.28987346462760566,512,2,asynchronous
n010_023.bnet,random_mc,26.0,0.2798667439278229,512,2,asynchronous
n010_023.bnet,random_mc,27.0,0.28023264540358017,512,2,asynchronous
n010_023.bnet,random_mc,28.0,0.284663187948932,512,2,asynchronous
n010_023.bnet,random_mc,29.0,0.2864211424297238,512,2,asynchronous
n010_024.bnet,sd_mc,,0.040548427225366016,512,4,asynchronous
n010_024.bnet,null_mc,,0.044275695923568184,512,4,asynchronous
n010_024.bnet,ref,,0.3512929449891054,512,4,asynchronous
n010_024.bnet,random_mc,0.0,0.04726229598708385,512,4,asynchronous
n010_024.bnet,random_mc,1.0,0.045109873426167686,512,4,asynchronous
n010_024.bnet,random_mc,2.0,0.044762295059293924,512,4,asynchronous
n010_024.bnet,random_mc,3.0,0.04218974858176588,512,4,asynchronous
n010_024.bnet,random_mc,4.0,0.045232706858367576,512,4,asynchronous
n010_024.bnet,random_mc,5.0,0.04407274709209898,512,4,asynchronous
n010_024.bnet,random_mc,6.0,0.04817900749946595,512,4,asynchronous
n010_024.bnet,random_mc,7.0,0.04749657314578659,512,4,asynchronous
n010_024.bnet,random_mc,8.0,0.038266123569208665,512,4,asynchronous
n010_024.bnet,random_mc,9.0,0.04571622172878906,512,4,asynchronous
n010_024.bnet,random_mc,10.0,0.04675322203839905,512,4,asynchronous
n010_024.bnet,random_mc,11.0,0.03896587184391832,512,4,asynchronous
n010_024.bnet,random_mc,12.0,0.04685656135651974,512,4,asynchronous
n010_024.bnet,random_mc,13.0,0.04499633432703587,512,4,asynchronous
n010_024.bnet,random_mc,14.0,0.042943170379603615,512,4,asynchronous
n010_024.bnet,random_mc,15.0,0.054922348341974736,512,4,asynchronous
n010_024.bnet,random_mc,16.0,0.04272410027630627,512,4,asynchronous
n010_024.bnet,random_mc,17.0,0.03460789461801932,512,4,asynchronous
n010_024.bnet,random_mc,18.0,0.04850715695483413,512,4,asynchronous
n010_024.bnet,random_mc,19.0,0.042253799846735995,512,4,asynchronous
n010_024.bnet,random_mc,20.0,0.04651975133202398,512,4,asynchronous
n010_024.bnet,random_mc,21.0,0.05197981974883404,512,4,asynchronous
n010_024.bnet,random_mc,22.0,0.038822164546694495,512,4,asynchronous
n010_024.bnet,random_mc,23.0,0.04000982490448371,512,4,asynchronous
n010_024.bnet,random_mc,24.0,0.04500335386367204,512,4,asynchronous
n010_024.bnet,random_mc,25.0,0.041553698182000456,512,4,asynchronous
n010_024.bnet,random_mc,26.0,0.045539838814837974,512,4,asynchronous
n010_024.bnet,random_mc,27.0,0.044690978206279534,512,4,asynchronous
n010_024.bnet,random_mc,28.0,0.0382537234479372,512,4,asynchronous
n010_024.bnet,random_mc,29.0,0.04323128601079568,512,4,asynchronous
n010_026.bnet,sd_mc,,0.0,2,2,asynchronous
n010_026.bnet,null_mc,,0.0,2,2,asynchronous
n010_026.bnet,ref,,0.0,2,2,asynchronous
n010_026.bnet,random_mc,0.0,0.0,2,2,asynchronous
n010_026.bnet,random_mc,1.0,0.0,2,2,asynchronous
n010_026.bnet,random_mc,2.0,0.0,2,2,asynchronous
n010_026.bnet,random_mc,3.0,0.0,2,2,asynchronous
n010_026.bnet,random_mc,4.0,0.0,2,2,asynchronous
n010_026.bnet,random_mc,5.0,0.0,2,2,asynchronous
n010_026.bnet,random_mc,6.0,0.0,2,2,asynchronous
n010_026.bnet,random_mc,7.0,0.0,2,2,asynchronous
n010_026.bnet,random_mc,8.0,0.0,2,2,asynchronous
n010_026.bnet,random_mc,9.0,0.0,2,2,asynchronous
n010_026.bnet,random_mc,10.0,0.0,2,2,asynchronous
n010_026.bnet,random_mc,11.0,0.0,2,2,asynchronous
n010_026.bnet,random_mc,12.0,0.0,2,2,asynchronous
n010_026.bnet,random_mc,13.0,0.0,2,2,asynchronous
n010_026.bnet,random_mc,14.0,0.0,2,2,asynchronous
n010_026.bnet,random_mc,15.0,0.0,2,2,asynchronous
n010_026.bnet,random_mc,16.0,0.0,2,2,asynchronous
n010_026.bnet,random_mc,17.0,0.0,2,2,asynchronous
n010_026.bnet,random_mc,18.0,0.0,2,2,asynchronous
n010_026.bnet,random_mc,19.0,0.0,2,2,asynchronous
n010_026.bnet,random_mc,20.0,0.0,2,2,asynchronous
n010_026.bnet,random_mc,21.0,0.0,2,2,asynchronous
n010_026.bnet,random_mc,22.0,0.0,2,2,asynchronous
n010_026.bnet,random_mc,23.0,0.0,2,2,asynchronous
n010_026.bnet,random_mc,24.0,0.0,2,2,asynchronous
n010_026.bnet,random_mc,25.0,0.0,2,2,asynchronous
n010_026.bnet,random_mc,26.0,0.0,2,2,asynchronous
n010_026.bnet,random_mc,27.0,0.0,2,2,asynchronous
n010_026.bnet,random_mc,28.0,0.0,2,2,asynchronous
n010_026.bnet,random_mc,29.0,0.0,2,2,asynchronous
n010_029.bnet,sd_mc,,0.052368967995473796,128,2,asynchronous
n010_029.bnet,null_mc,,0.023827334562602994,128,2,asynchronous
n010_029.bnet,ref,,0.4635228755499264,128,2,asynchronous
n010_029.bnet,random_mc,0.0,0.023827334562602994,128,2,asynchronous
n010_029.bnet,random_mc,1.0,0.02049524349307807,128,2,asynchronous
n010_029.bnet,random_mc,2.0,0.0247916687622893,128,2,asynchronous
n010_029.bnet,random_mc,3.0,0.025130351037000905,128,2,asynchronous
n010_029.bnet,random_mc,4.0,0.02192651242139985,128,2,asynchronous
n010_029.bnet,random_mc,5.0,0.021594697428117853,128,2,asynchronous
n010_029.bnet,random_mc,6.0,0.03591484478486961,128,2,asynchronous
n010_029.bnet,random_mc,7.0,0.022781057507567103,128,2,asynchronous
n010_029.bnet,random_mc,8.0,0.027463973680955975,128,2,asynchronous
n010_029.bnet,random_mc,9.0,0.016579331459704885,128,2,asynchronous
n010_029.bnet,random_mc,10.0,0.027881894105385333,128,2,asynchronous
n010_029.bnet,random_mc,11.0,0.023827334562602994,128,2,asynchronous
n010_029.bnet,random_mc,12.0,0.023477309056775256,128,2,asynchronous
n010_029.bnet,random_mc,13.0,0.01975077515843865,128,2,asynchronous
n010_029.bnet,random_mc,14.0,0.019018625201029954,128,2,asynchronous
n010_029.bnet,random_mc,15.0,0.024602232941521668,128,2,asynchronous
n010_029.bnet,random_mc,16.0,0.021183034137868685,128,2,asynchronous
n010_029.bnet,random_mc,17.0,0.0210720759601231,128,2,asynchronous
n010_029.bnet,random_mc,18.0,0.023619665911923514,128,2,asynchronous
n010_029.bnet,random_mc,19.0,0.02444246509857385,128,2,asynchronous
n010_029.bnet,random_mc,20.0,0.018908917624640847,128,2,asynchronous
n010_029.bnet,random_mc,21.0,0.02570169735975004,128,2,asynchronous
n010_029.bnet,random_mc,22.0,0.022029952875434737,128,2,asynchronous
n010_029.bnet,random_mc,23.0,0.030503354576738462,128,2,asynchronous
n010_029.bnet,random_mc,24.0,0.023589085854710774,128,2,asynchronous
n010_029.bnet,random_mc,25.0,0.03604484378541939,128,2,asynchronous
n010_029.bnet,random_mc,26.0,0.02050870644906718,128,2,asynchronous
n010_029.bnet,random_mc,27.0,0.01717980972141832,128,2,asynchronous
n010_029.bnet,random_mc,28.0,0.023506140002412558,128,2,asynchronous
n010_029.bnet,random_mc,29.0,0.027125229096113618,128,2,asynchronous
n010_032.bnet,sd_mc,,0.0,16,2,asynchronous
n010_032.bnet,null_mc,,0.0,16,2,asynchronous
n010_032.bnet,ref,,0.4330127018922193,16,2,asynchronous
n010_032.bnet,random_mc,0.0,0.005681818181818177,16,2,asynchronous
n010_032.bnet,random_mc,1.0,0.0031249999999999334,16,2,asynchronous
n010_032.bnet,random_mc,2.0,0.013257575757575746,16,2,asynchronous
n010_032.bnet,random_mc,3.0,5.551115123125783e-17,16,2,asynchronous
n010_032.bnet,random_mc,4.0,0.015624999999999944,16,2,asynchronous
n010_032.bnet,random_mc,5.0,0.0031249999999999334,16,2,asynchronous
n010_032.bnet,random_mc,6.0,0.0,16,2,asynchronous
n010_032.bnet,random_mc,7.0,0.004807692307692291,16,2,asynchronous
n010_032.bnet,random_mc,8.0,0.016025641025641024,16,2,asynchronous
n010_032.bnet,random_mc,9.0,0.0,16,2,asynchronous
n010_032.bnet,random_mc,10.0,2.7755575615628914e-17,16,2,asynchronous
n010_032.bnet,random_mc,11.0,0.0,16,2,asynchronous
n010_032.bnet,random_mc,12.0,0.018939393939393978,16,2,asynchronous
n010_032.bnet,random_mc,13.0,0.016666666666666663,16,2,asynchronous
n010_032.bnet,random_mc,14.0,0.0,16,2,asynchronous
n010_032.bnet,random_mc,15.0,0.002232142857142877,16,2,asynchronous
n010_032.bnet,random_mc,16.0,0.005681818181818177,16,2,asynchronous
n010_032.bnet,random_mc,17.0,0.03125,16,2,asynchronous
n010_032.bnet,random_mc,18.0,0.008680555555555525,16,2,asynchronous
n010_032.bnet,random_mc,19.0,0.0,16,2,asynchronous
n010_032.bnet,random_mc,20.0,0.0,16,2,asynchronous
n010_032.bnet,random_mc,21.0,0.009722222222222188,16,2,asynchronous
n010_032.bnet,random_mc,22.0,0.0,16,2,asynchronous
n010_032.bnet,random_mc,23.0,0.0078125,16,2,asynchronous
n010_032.bnet,random_mc,24.0,0.00390625,16,2,asynchronous
n010_032.bnet,random_mc,25.0,0.02187499999999995,16,2,asynchronous
n010_032.bnet,random_mc,26.0,0.002083333333333326,16,2,asynchronous
n010_032.bnet,random_mc,27.0,0.02499999999999994,16,2,asynchronous
n010_032.bnet,random_mc,28.0,0.0,16,2,asynchronous
n010_032.bnet,random_mc,29.0,0.010670731707316972,16,2,asynchronous
n010_033.bnet,sd_mc,,6.409875621278546e-17,8,2,asynchronous
n010_033.bnet,null_mc,,6.409875621278546e-17,8,2,asynchronous
n010_033.bnet,ref,,6.409875621278546e-17,8,2,asynchronous
n010_033.bnet,random_mc,0.0,6.409875621278546e-17,8,2,asynchronous
n010_033.bnet,random_mc,1.0,6.409875621278546e-17,8,2,asynchronous
n010_033.bnet,random_mc,2.0,6.409875621278546e-17,8,2,asynchronous
n010_033.bnet,random_mc,3.0,6.409875621278546e-17,8,2,asynchronous
n010_033.bnet,random_mc,4.0,6.409875621278546e-17,8,2,asynchronous
n010_033.bnet,random_mc,5.0,6.409875621278546e-17,8,2,asynchronous
n010_033.bnet,random_mc,6.0,6.409875621278546e-17,8,2,asynchronous
n010_033.bnet,random_mc,7.0,6.409875621278546e-17,8,2,asynchronous
n010_033.bnet,random_mc,8.0,6.409875621278546e-17,8,2,asynchronous
n010_033.bnet,random_mc,9.0,6.409875621278546e-17,8,2,asynchronous
n010_033.bnet,random_mc,10.0,6.409875621278546e-17,8,2,asynchronous
n010_033.bnet,random_mc,11.0,6.409875621278546e-17,8,2,asynchronous
n010_033.bnet,random_mc,12.0,6.409875621278546e-17,8,2,asynchronous
n010_033.bnet,random_mc,13.0,6.409875621278546e-17,8,2,asynchronous
n010_033.bnet,random_mc,14.0,6.409875621278546e-17,8,2,asynchronous
n010_033.bnet,random_mc,15.0,6.409875621278546e-17,8,2,asynchronous
n010_033.bnet,random_mc,16.0,6.409875621278546e-17,8,2,asynchronous
n010_033.bnet,random_mc,17.0,6.409875621278546e-17,8,2,asynchronous
n010_033.bnet,random_mc,18.0,6.409875621278546e-17,8,2,asynchronous
n010_033.bnet,random_mc,19.0,6.409875621278546e-17,8,2,asynchronous
n010_033.bnet,random_mc,20.0,6.409875621278546e-17,8,2,asynchronous
n010_033.bnet,random_mc,21.0,6.409875621278546e-17,8,2,asynchronous
n010_033.bnet,random_mc,22.0,6.409875621278546e-17,8,2,asynchronous
n010_033.bnet,random_mc,23.0,6.409875621278546e-17,8,2,asynchronous
n010_033.bnet,random_mc,24.0,6.409875621278546e-17,8,2,asynchronous
n010_033.bnet,random_mc,25.0,6.409875621278546e-17,8,2,asynchronous
n010_033.bnet,random_mc,26.0,6.409875621278546e-17,8,2,asynchronous
n010_033.bnet,random_mc,27.0,6.409875621278546e-17,8,2,asynchronous
n010_033.bnet,random_mc,28.0,6.409875621278546e-17,8,2,asynchronous
n010_033.bnet,random_mc,29.0,6.409875621278546e-17,8,2,asynchronous
n010_034.bnet,sd_mc,,0.0,2,2,asynchronous
n010_034.bnet,null_mc,,0.0,2,2,asynchronous
n010_034.bnet,ref,,0.0,2,2,asynchronous
n010_034.bnet,random_mc,0.0,0.0,2,2,asynchronous
n010_034.bnet,random_mc,1.0,0.0,2,2,asynchronous
n010_034.bnet,random_mc,2.0,0.0,2,2,asynchronous
n010_034.bnet,random_mc,3.0,0.0,2,2,asynchronous
n010_034.bnet,random_mc,4.0,0.0,2,2,asynchronous
n010_034.bnet,random_mc,5.0,0.0,2,2,asynchronous
n010_034.bnet,random_mc,6.0,0.0,2,2,asynchronous
n010_034.bnet,random_mc,7.0,0.0,2,2,asynchronous
n010_034.bnet,random_mc,8.0,0.0,2,2,asynchronous
n010_034.bnet,random_mc,9.0,0.0,2,2,asynchronous
n010_034.bnet,random_mc,10.0,0.0,2,2,asynchronous
n010_034.bnet,random_mc,11.0,0.0,2,2,asynchronous
n010_034.bnet,random_mc,12.0,0.0,2,2,asynchronous
n010_034.bnet,random_mc,13.0,0.0,2,2,asynchronous
n010_034.bnet,random_mc,14.0,0.0,2,2,asynchronous
n010_034.bnet,random_mc,15.0,0.0,2,2,asynchronous
n010_034.bnet,random_mc,16.0,0.0,2,2,asynchronous
n010_034.bnet,random_mc,17.0,0.0,2,2,asynchronous
n010_034.bnet,random_mc,18.0,0.0,2,2,asynchronous
n010_034.bnet,random_mc,19.0,0.0,2,2,asynchronous
n010_034.bnet,random_mc,20.0,0.0,2,2,asynchronous
n010_034.bnet,random_mc,21.0,0.0,2,2,asynchronous
n010_034.bnet,random_mc,22.0,0.0,2,2,asynchronous
n010_034.bnet,random_mc,23.0,0.0,2,2,asynchronous
n010_034.bnet,random_mc,24.0,0.0,2,2,asynchronous
n010_034.bnet,random_mc,25.0,0.0,2,2,asynchronous
n010_034.bnet,random_mc,26.0,0.0,2,2,asynchronous
n010_034.bnet,random_mc,27.0,0.0,2,2,asynchronous
n010_034.bnet,random_mc,28.0,0.0,2,2,asynchronous
n010_034.bnet,random_mc,29.0,0.0,2,2,asynchronous
n010_035.bnet,sd_mc,,0.0,32,4,asynchronous
n010_035.bnet,null_mc,,0.02083333333333326,32,4,asynchronous
n010_035.bnet,ref,,0.25,32,4,asynchronous
n010_035.bnet,random_mc,0.0,0.024682153454125298,32,4,asynchronous
n010_035.bnet,random_mc,1.0,0.02629149221911864,32,4,asynchronous
n010_035.bnet,random_mc,2.0,0.019119167798780447,32,4,asynchronous
n010_035.bnet,random_mc,3.0,0.022801467485584374,32,4,asynchronous
n010_035.bnet,random_mc,4.0,0.02673803068318156,32,4,asynchronous
n010_035.bnet,random_mc,5.0,0.020894425081251482,32,4,asynchronous
n010_035.bnet,random_mc,6.0,0.026525563755194468,32,4,asynchronous
n010_035.bnet,random_mc,7.0,0.033203166360268356,32,4,asynchronous
n010_035.bnet,random_mc,8.0,0.02677502699790387,32,4,asynchronous
n010_035.bnet,random_mc,9.0,0.02689489655859651,32,4,asynchronous
n010_035.bnet,random_mc,10.0,0.03571842306585397,32,4,asynchronous
n010_035.bnet,random_mc,11.0,0.0201789950312427,32,4,asynchronous
n010_035.bnet,random_mc,12.0,0.024253485340054906,32,4,asynchronous
n010_035.bnet,random_mc,13.0,0.019261539892540876,32,4,asynchronous
n010_035.bnet,random_mc,14.0,0.02110362608117097,32,4,asynchronous
n010_035.bnet,random_mc,15.0,0.031515765958693986,32,4,asynchronous
n010_035.bnet,random_mc,16.0,0.025047023731322345,32,4,asynchronous
n010_035.bnet,random_mc,17.0,0.02213825882011658,32,4,asynchronous
n010_035.bnet,random_mc,18.0,0.023819529325862756,32,4,asynchronous
n010_035.bnet,random_mc,19.0,0.02286161048546537,32,4,asynchronous
n010_035.bnet,random_mc,20.0,0.02401948446657897,32,4,asynchronous
n010_035.bnet,random_mc,21.0,0.026687309262963387,32,4,asynchronous
n010_035.bnet,random_mc,22.0,0.029111154441529553,32,4,asynchronous
n010_035.bnet,random_mc,23.0,0.0254240678175874,32,4,asynchronous
n010_035.bnet,random_mc,24.0,0.023225591784443812,32,4,asynchronous
n010_035.bnet,random_mc,25.0,0.02985459856832804,32,4,asynchronous
n010_035.bnet,random_mc,26.0,0.020922322822390312,32,4,asynchronous
n010_035.bnet,random_mc,27.0,0.024694724390577613,32,4,asynchronous
n010_035.bnet,random_mc,28.0,0.022155799832615918,32,4,asynchronous
n010_035.bnet,random_mc,29.0,0.03105838233929886,32,4,asynchronous
n010_036.bnet,sd_mc,,0.05335262725802658,64,4,asynchronous
n010_036.bnet,null_mc,,0.09887022416620123,64,4,asynchronous
n010_036.bnet,ref,,0.33501800942874077,64,4,asynchronous
n010_036.bnet,random_mc,0.0,0.09109327204704466,64,4,asynchronous
n010_036.bnet,random_mc,1.0,0.09478510233031906,64,4,asynchronous
n010_036.bnet,random_mc,2.0,0.07619777657709864,64,4,asynchronous
n010_036.bnet,random_mc,3.0,0.09609691724822693,64,4,asynchronous
n010_036.bnet,random_mc,4.0,0.10521280738265165,64,4,asynchronous
n010_036.bnet,random_mc,5.0,0.09460644416111101,64,4,asynchronous
n010_036.bnet,random_mc,6.0,0.08822189517585033,64,4,asynchronous
n010_036.bnet,random_mc,7.0,0.08738924428206926,64,4,asynchronous
n010_036.bnet,random_mc,8.0,0.10313568131219632,64,4,asynchronous
n010_036.bnet,random_mc,9.0,0.0998310492593179,64,4,asynchronous
n010_036.bnet,random_mc,10.0,0.09249333950097055,64,4,asynchronous
n010_036.bnet,random_mc,11.0,0.11499227630739388,64,4,asynchronous
n010_036.bnet,random_mc,12.0,0.10328294319649738,64,4,asynchronous
n010_036.bnet,random_mc,13.0,0.09995230012682492,64,4,asynchronous
n010_036.bnet,random_mc,14.0,0.10181875371700291,64,4,asynchronous
n010_036.bnet,random_mc,15.0,0.08843566225200186,64,4,asynchronous
n010_036.bnet,random_mc,16.0,0.0922462691496586,64,4,asynchronous
n010_036.bnet,random_mc,17.0,0.09626847498526406,64,4,asynchronous
n010_036.bnet,random_mc,18.0,0.06944090689961334,64,4,asynchronous
n010_036.bnet,random_mc,19.0,0.08471375557165414,64,4,asynchronous
n010_036.bnet,random_mc,20.0,0.09329394202942652,64,4,asynchronous
n010_036.bnet,random_mc,21.0,0.09929420105961231,64,4,asynchronous
n010_036.bnet,random_mc,22.0,0.08328131717233388,64,4,asynchronous
n010_036.bnet,random_mc,23.0,0.10912448893115514,64,4,asynchronous
n010_036.bnet,random_mc,24.0,0.08975529192796433,64,4,asynchronous
n010_036.bnet,random_mc,25.0,0.07626232678343588,64,4,asynchronous
n010_036.bnet,random_mc,26.0,0.10541830641096513,64,4,asynchronous
n010_036.bnet,random_mc,27.0,0.09691922549050681,64,4,asynchronous
n010_036.bnet,random_mc,28.0,0.0803344656039975,64,4,asynchronous
n010_036.bnet,random_mc,29.0,0.08900649854976063,64,4,asynchronous
n010_040.bnet,sd_mc,,0.0,4,4,asynchronous
n010_040.bnet,null_mc,,0.0,4,4,asynchronous
n010_040.bnet,ref,,0.0,4,4,asynchronous
n010_040.bnet,random_mc,0.0,0.0,4,4,asynchronous
n010_040.bnet,random_mc,1.0,0.0,4,4,asynchronous
n010_040.bnet,random_mc,2.0,0.0,4,4,asynchronous
n010_040.bnet,random_mc,3.0,0.0,4,4,asynchronous
n010_040.bnet,random_mc,4.0,0.0,4,4,asynchronous
n010_040.bnet,random_mc,5.0,0.0,4,4,asynchronous
n010_040.bnet,random_mc,6.0,0.0,4,4,asynchronous
n010_040.bnet,random_mc,7.0,0.0,4,4,asynchronous
n010_040.bnet,random_mc,8.0,0.0,4,4,asynchronous
n010_040.bnet,random_mc,9.0,0.0,4,4,asynchronous
n010_040.bnet,random_mc,10.0,0.0,4,4,asynchronous
n010_040.bnet,random_mc,11.0,0.0,4,4,asynchronous
n010_040.bnet,random_mc,12.0,0.0,4,4,asynchronous
n010_040.bnet,random_mc,13.0,0.0,4,4,asynchronous
n010_040.bnet,random_mc,14.0,0.0,4,4,asynchronous
n010_040.bnet,random_mc,15.0,0.0,4,4,asynchronous
n010_040.bnet,random_mc,16.0,0.0,4,4,asynchronous
n010_040.bnet,random_mc,17.0,0.0,4,4,asynchronous
n010_040.bnet,random_mc,18.0,0.0,4,4,asynchronous
n010_040.bnet,random_mc,19.0,0.0,4,4,asynchronous
n010_040.bnet,random_mc,20.0,0.0,4,4,asynchronous
n010_040.bnet,random_mc,21.0,0.0,4,4,asynchronous
n010_040.bnet,random_mc,22.0,0.0,4,4,asynchronous
n010_040.bnet,random_mc,23.0,0.0,4,4,asynchronous
n010_040.bnet,random_mc,24.0,0.0,4,4,asynchronous
n010_040.bnet,random_mc,25.0,0.0,4,4,asynchronous
n010_040.bnet,random_mc,26.0,0.0,4,4,asynchronous
n010_040.bnet,random_mc,27.0,0.0,4,4,asynchronous
n010_040.bnet,random_mc,28.0,0.0,4,4,asynchronous
n010_040.bnet,random_mc,29.0,0.0,4,4,asynchronous
n010_043.bnet,sd_mc,,0.11432619690878197,256,2,asynchronous
n010_043.bnet,null_mc,,0.3483000688948907,256,2,asynchronous
n010_043.bnet,ref,,0.30919704281849075,256,2,asynchronous
n010_043.bnet,random_mc,0.0,0.35055234965576854,256,2,asynchronous
n010_043.bnet,random_mc,1.0,0.34864183138303595,256,2,asynchronous
n010_043.bnet,random_mc,2.0,0.3473554807471325,256,2,asynchronous
n010_043.bnet,random_mc,3.0,0.34636417070709136,256,2,asynchronous
n010_043.bnet,random_mc,4.0,0.3482650479455375,256,2,asynchronous
n010_043.bnet,random_mc,5.0,0.34604200606067176,256,2,asynchronous
n010_043.bnet,random_mc,6.0,0.3478700085037655,256,2,asynchronous
n010_043.bnet,random_mc,7.0,0.34956265969464895,256,2,asynchronous
n010_043.bnet,random_mc,8.0,0.34761057984371696,256,2,asynchronous
n010_043.bnet,random_mc,9.0,0.346642199164805,256,2,asynchronous
n010_043.bnet,random_mc,10.0,0.3483156459969418,256,2,asynchronous
n010_043.bnet,random_mc,11.0,0.34888198890048533,256,2,asynchronous
n010_043.bnet,random_mc,12.0,0.3466970319264734,256,2,asynchronous
n010_043.bnet,random_mc,13.0,0.348414378534672,256,2,asynchronous
n010_043.bnet,random_mc,14.0,0.3495407778434913,256,2,asynchronous
n010_043.bnet,random_mc,15.0,0.347681813388319,256,2,asynchronous
n010_043.bnet,random_mc,16.0,0.34787923383579444,256,2,asynchronous
n010_043.bnet,random_mc,17.0,0.3485671738392838,256,2,asynchronous
n010_043.bnet,random_mc,18.0,0.3493568082504157,256,2,asynchronous
n010_043.bnet,random_mc,19.0,0.34869642104822524,256,2,asynchronous
n010_043.bnet,random_mc,20.0,0.347656937600688,256,2,asynchronous
n010_043.bnet,random_mc,21.0,0.3480281221206646,256,2,asynchronous
n010_043.bnet,random_mc,22.0,0.34831306595553996,256,2,asynchronous
n010_043.bnet,random_mc,23.0,0.34686542484285243,256,2,asynchronous
n010_043.bnet,random_mc,24.0,0.3486999723784979,256,2,asynchronous
n010_043.bnet,random_mc,25.0,0.34818063274643707,256,2,asynchronous
n010_043.bnet,random_mc,26.0,0.3473717347397611,256,2,asynchronous
n010_043.bnet,random_mc,27.0,0.348466501997492,256,2,asynchronous
n010_043.bnet,random_mc,28.0,0.3476402607287882,256,2,asynchronous
n010_043.bnet,random_mc,29.0,0.3460292827540411,256,2,asynchronous
n010_048.bnet,sd_mc,,0.07892425034606525,512,2,asynchronous
n010_048.bnet,null_mc,,0.17431100268613622,512,2,asynchronous
n010_048.bnet,ref,,0.3867621926680431,512,2,asynchronous
n010_048.bnet,random_mc,0.0,0.16065234198821884,512,2,asynchronous
n010_048.bnet,random_mc,1.0,0.17437116404805178,512,2,asynchronous
n010_048.bnet,random_mc,2.0,0.1588483968185177,512,2,asynchronous
n010_048.bnet,random_mc,3.0,0.17441919704160472,512,2,asynchronous
n010_048.bnet,random_mc,4.0,0.1792818495376783,512,2,asynchronous
n010_048.bnet,random_mc,5.0,0.17870241061241518,512,2,asynchronous
n010_048.bnet,random_mc,6.0,0.18621972887564894,512,2,asynchronous
n010_048.bnet,random_mc,7.0,0.17253238230217366,512,2,asynchronous
n010_048.bnet,random_mc,8.0,0.1552602944664703,512,2,asynchronous
n010_048.bnet,random_mc,9.0,0.16730188459109904,512,2,asynchronous
n010_048.bnet,random_mc,10.0,0.1844775215947856,512,2,asynchronous
n010_048.bnet,random_mc,11.0,0.17925135987835278,512,2,asynchronous
n010_048.bnet,random_mc,12.0,0.17475734493073022,512,2,asynchronous
n010_048.bnet,random_mc,13.0,0.16960868046666888,512,2,asynchronous
n010_048.bnet,random_mc,14.0,0.17998099686786373,512,2,asynchronous
n010_048.bnet,random_mc,15.0,0.15895938327896314,512,2,asynchronous
n010_048.bnet,random_mc,16.0,0.17478574666346192,512,2,asynchronous
n010_048.bnet,random_mc,17.0,0.1770064575625771,512,2,asynchronous
n010_048.bnet,random_mc,18.0,0.1834986626522421,512,2,asynchronous
n010_048.bnet,random_mc,19.0,0.17629832969886092,512,2,asynchronous
n010_048.bnet,random_mc,20.0,0.17729448212081197,512,2,asynchronous
n010_048.bnet,random_mc,21.0,0.17060513558942492,512,2,asynchronous
n010_048.bnet,random_mc,22.0,0.1729124858827022,512,2,asynchronous
n010_048.bnet,random_mc,23.0,0.1817970570862019,512,2,asynchronous
n010_048.bnet,random_mc,24.0,0.17569447474536726,512,2,asynchronous
n010_048.bnet,random_mc,25.0,0.17859951033458174,512,2,asynchronous
n010_048.bnet,random_mc,26.0,0.16304095240519736,512,2,asynchronous
n010_048.bnet,random_mc,27.0,0.1707594157666888,512,2,asynchronous
n010_048.bnet,random_mc,28.0,0.18216846002418724,512,2,asynchronous
n010_048.bnet,random_mc,29.0,0.1711499959970707,512,2,asynchronous
n010_049.bnet,sd_mc,,0.007749120305553913,512,4,asynchronous
n010_049.bnet,null_mc,,0.04254764555463869,512,4,asynchronous
n010_049.bnet,ref,,0.413931722287852,512,4,asynchronous
n010_049.bnet,random_mc,0.0,0.03786365019617272,512,4,asynchronous
n010_049.bnet,random_mc,1.0,0.041951254590830274,512,4,asynchronous
n010_049.bnet,random_mc,2.0,0.04737553909799846,512,4,asynchronous
n010_049.bnet,random_mc,3.0,0.03030932569846129,512,4,asynchronous
n010_049.bnet,random_mc,4.0,0.03839548602308081,512,4,asynchronous
n010_049.bnet,random_mc,5.0,0.03711569886075351,512,4,asynchronous
n010_049.bnet,random_mc,6.0,0.040255305627582456,512,4,asynchronous
n010_049.bnet,random_mc,7.0,0.040948150875471406,512,4,asynchronous
n010_049.bnet,random_mc,8.0,0.033015153747635057,512,4,asynchronous
n010_049.bnet,random_mc,9.0,0.0407049661803983,512,4,asynchronous
n010_049.bnet,random_mc,10.0,0.04036957461661405,512,4,asynchronous
n010_049.bnet,random_mc,11.0,0.03848083189982812,512,4,asynchronous
n010_049.bnet,random_mc,12.0,0.033786640738494654,512,4,asynchronous
n010_049.bnet,random_mc,13.0,0.04154246867628522,512,4,asynchronous
n010_049.bnet,random_mc,14.0,0.037860007646409295,512,4,asynchronous
n010_049.bnet,random_mc,15.0,0.04154788927070578,512,4,asynchronous
n010_049.bnet,random_mc,16.0,0.034519655879799424,512,4,asynchronous
n010_049.bnet,random_mc,17.0,0.04314215268449509,512,4,asynchronous
n010_049.bnet,random_mc,18.0,0.040161572915866806,512,4,asynchronous
n010_049.bnet,random_mc,19.0,0.04336117221331924,512,4,asynchronous
n010_049.bnet,random_mc,20.0,0.04721533380407,512,4,asynchronous
n010_049.bnet,random_mc,21.0,0.03745156930827762,512,4,asynchronous
n010_049.bnet,random_mc,22.0,0.03905973373808464,512,4,asynchronous
n010_049.bnet,random_mc,23.0,0.04186108541460988,512,4,asynchronous
n010_049.bnet,random_mc,24.0,0.047133542336043464,512,4,asynchronous
n010_049.bnet,random_mc,25.0,0.04106238029751783,512,4,asynchronous
n010_049.bnet,random_mc,26.0,0.05076672833010516,512,4,asynchronous
n010_049.bnet,random_mc,27.0,0.03632777320310407,512,4,asynchronous
n010_049.bnet,random_mc,28.0,0.040664539815594855,512,4,asynchronous
n010_049.bnet,random_mc,29.0,0.044795924536102406,512,4,asynchronous
n010_051.bnet,sd_mc,,0.13690163597008692,1024,6,asynchronous
n010_051.bnet,null_mc,,0.1071496245839162,1024,6,asynchronous
n010_051.bnet,ref,,0.36945157565624953,1024,6,asynchronous
n010_051.bnet,random_mc,0.0,0.10735101104003465,1024,6,asynchronous
n010_051.bnet,random_mc,1.0,0.1097078669168549,1024,6,asynchronous
n010_051.bnet,random_mc,2.0,0.10751428537338356,1024,6,asynchronous
n010_051.bnet,random_mc,3.0,0.10724363338946576,1024,6,asynchronous
n010_051.bnet,random_mc,4.0,0.106918883064896,1024,6,asynchronous
n010_051.bnet,random_mc,5.0,0.10825884061001345,1024,6,asynchronous
n010_051.bnet,random_mc,6.0,0.10700985016556362,1024,6,asynchronous
n010_051.bnet,random_mc,7.0,0.1064901609819383,1024,6,asynchronous
n010_051.bnet,random_mc,8.0,0.10649795846105829,1024,6,asynchronous
n010_051.bnet,random_mc,9.0,0.10683301522489932,1024,6,asynchronous
n010_051.bnet,random_mc,10.0,0.10634310992788243,1024,6,asynchronous
n010_051.bnet,random_mc,11.0,0.10630602643796264,1024,6,asynchronous
n010_051.bnet,random_mc,12.0,0.10826799359900899,1024,6,asynchronous
n010_051.bnet,random_mc,13.0,0.10732267411546531,1024,6,asynchronous
n010_051.bnet,random_mc,14.0,0.10813912243347952,1024,6,asynchronous
n010_051.bnet,random_mc,15.0,0.10625670954429328,1024,6,asynchronous
n010_051.bnet,random_mc,16.0,0.10712035029822371,1024,6,asynchronous
n010_051.bnet,random_mc,17.0,0.10625776331838371,1024,6,asynchronous
n010_051.bnet,random_mc,18.0,0.1071298709223269,1024,6,asynchronous
n010_051.bnet,random_mc,19.0,0.10824664693985384,1024,6,asynchronous
n010_051.bnet,random_mc,20.0,0.1077955613699574,1024,6,asynchronous
n010_051.bnet,random_mc,21.0,0.10796338947725068,1024,6,asynchronous
n010_051.bnet,random_mc,22.0,0.10743984154072302,1024,6,asynchronous
n010_051.bnet,random_mc,23.0,0.10551400140377508,1024,6,asynchronous
n010_051.bnet,random_mc,24.0,0.10771822642981402,1024,6,asynchronous
n010_051.bnet,random_mc,25.0,0.10771947015183442,1024,6,asynchronous
n010_051.bnet,random_mc,26.0,0.10630306634043293,1024,6,asynchronous
n010_051.bnet,random_mc,27.0,0.10803942780805419,1024,6,asynchronous
n010_051.bnet,random_mc,28.0,0.10704231181847869,1024,6,asynchronous
n010_051.bnet,random_mc,29.0,0.10645199936413759,1024,6,asynchronous
n010_052.bnet,sd_mc,,0.0,2,2,asynchronous
n010_052.bnet,null_mc,,0.0,2,2,asynchronous
n010_052.bnet,ref,,0.0,2,2,asynchronous
n010_052.bnet,random_mc,0.0,0.0,2,2,asynchronous
n010_052.bnet,random_mc,1.0,0.0,2,2,asynchronous
n010_052.bnet,random_mc,2.0,0.0,2,2,asynchronous
n010_052.bnet,random_mc,3.0,0.0,2,2,asynchronous
n010_052.bnet,random_mc,4.0,0.0,2,2,asynchronous
n010_052.bnet,random_mc,5.0,0.0,2,2,asynchronous
n010_052.bnet,random_mc,6.0,0.0,2,2,asynchronous
n010_052.bnet,random_mc,7.0,0.0,2,2,asynchronous
n010_052.bnet,random_mc,8.0,0.0,2,2,asynchronous
n010_052.bnet,random_mc,9.0,0.0,2,2,asynchronous
n010_052.bnet,random_mc,10.0,0.0,2,2,asynchronous
n010_052.bnet,random_mc,11.0,0.0,2,2,asynchronous
n010_052.bnet,random_mc,12.0,0.0,2,2,asynchronous
n010_052.bnet,random_mc,13.0,0.0,2,2,asynchronous
n010_052.bnet,random_mc,14.0,0.0,2,2,asynchronous
n010_052.bnet,random_mc,15.0,0.0,2,2,asynchronous
n010_052.bnet,random_mc,16.0,0.0,2,2,asynchronous
n010_052.bnet,random_mc,17.0,0.0,2,2,asynchronous
n010_052.bnet,random_mc,18.0,0.0,2,2,asynchronous
n010_052.bnet,random_mc,19.0,0.0,2,2,asynchronous
n010_052.bnet,random_mc,20.0,0.0,2,2,asynchronous
n010_052.bnet,random_mc,21.0,0.0,2,2,asynchronous
n010_052.bnet,random_mc,22.0,0.0,2,2,asynchronous
n010_052.bnet,random_mc,23.0,0.0,2,2,asynchronous
n010_052.bnet,random_mc,24.0,0.0,2,2,asynchronous
n010_052.bnet,random_mc,25.0,0.0,2,2,asynchronous
n010_052.bnet,random_mc,26.0,0.0,2,2,asynchronous
n010_052.bnet,random_mc,27.0,0.0,2,2,asynchronous
n010_052.bnet,random_mc,28.0,0.0,2,2,asynchronous
n010_052.bnet,random_mc,29.0,0.0,2,2,asynchronous
n010_055.bnet,sd_mc,,0.09201524978836212,512,3,asynchronous
n010_055.bnet,null_mc,,0.01819240211525778,512,3,asynchronous
n010_055.bnet,ref,,0.38755223427052515,512,3,asynchronous
n010_055.bnet,random_mc,0.0,0.01977689494667253,512,3,asynchronous
n010_055.bnet,random_mc,1.0,0.01864612167314555,512,3,asynchronous
n010_055.bnet,random_mc,2.0,0.01890641052830201,512,3,asynchronous
n010_055.bnet,random_mc,3.0,0.022436955596400646,512,3,asynchronous
n010_055.bnet,random_mc,4.0,0.01672807297842958,512,3,asynchronous
n010_055.bnet,random_mc,5.0,0.024968013430244875,512,3,asynchronous
n010_055.bnet,random_mc,6.0,0.007483133768243884,512,3,asynchronous
n010_055.bnet,random_mc,7.0,0.01720072975910179,512,3,asynchronous
n010_055.bnet,random_mc,8.0,0.015958360060016982,512,3,asynchronous
n010_055.bnet,random_mc,9.0,0.018484414888132576,512,3,asynchronous
n010_055.bnet,random_mc,10.0,0.0193861413424001,512,3,asynchronous
n010_055.bnet,random_mc,11.0,0.013317126045395396,512,3,asynchronous
n010_055.bnet,random_mc,12.0,0.02009422778797523,512,3,asynchronous
n010_055.bnet,random_mc,13.0,0.021840436601743268,512,3,asynchronous
n010_055.bnet,random_mc,14.0,0.028968111123559695,512,3,asynchronous
n010_055.bnet,random_mc,15.0,0.014482475182567628,512,3,asynchronous
n010_055.bnet,random_mc,16.0,0.01884077506218197,512,3,asynchronous
n010_055.bnet,random_mc,17.0,0.027788064811643056,512,3,asynchronous
n010_055.bnet,random_mc,18.0,0.025043654273367348,512,3,asynchronous
n010_055.bnet,random_mc,19.0,0.016548084465029193,512,3,asynchronous
n010_055.bnet,random_mc,20.0,0.019189555867289897,512,3,asynchronous
n010_055.bnet,random_mc,21.0,0.020704557752392768,512,3,asynchronous
n010_055.bnet,random_mc,22.0,0.021123939131122798,512,3,asynchronous
n010_055.bnet,random_mc,23.0,0.02450139162131858,512,3,asynchronous
n010_055.bnet,random_mc,24.0,0.012464791993421397,512,3,asynchronous
n010_055.bnet,random_mc,25.0,0.016229560754298076,512,3,asynchronous
n010_055.bnet,random_mc,26.0,0.02286821924680699,512,3,asynchronous
n010_055.bnet,random_mc,27.0,0.018008504589201533,512,3,asynchronous
n010_055.bnet,random_mc,28.0,0.017241612342572432,512,3,asynchronous
n010_055.bnet,random_mc,29.0,0.013380536121913719,512,3,asynchronous
n010_059.bnet,sd_mc,,0.0,128,4,asynchronous
n010_059.bnet,null_mc,,0.0,128,4,asynchronous
n010_059.bnet,ref,,0.3779644730092272,128,4,asynchronous
n010_059.bnet,random_mc,0.0,0.030778051330892793,128,4,asynchronous
n010_059.bnet,random_mc,1.0,0.0018187529541645975,128,4,asynchronous
n010_059.bnet,random_mc,2.0,0.008874654885613903,128,4,asynchronous
n010_059.bnet,random_mc,3.0,0.007751974627082103,128,4,asynchronous
n010_059.bnet,random_mc,4.0,0.004949571901095138,128,4,asynchronous
n010_059.bnet,random_mc,5.0,0.006504817862392604,128,4,asynchronous
n010_059.bnet,random_mc,6.0,0.004127601229778949,128,4,asynchronous
n010_059.bnet,random_mc,7.0,0.01304243746634968,128,4,asynchronous
n010_059.bnet,random_mc,8.0,0.005205749301156089,128,4,asynchronous
n010_059.bnet,random_mc,9.0,0.005099361849137933,128,4,asynchronous
n010_059.bnet,random_mc,10.0,0.015160416866260181,128,4,asynchronous
n010_059.bnet,random_mc,11.0,0.006038004453451629,128,4,asynchronous
n010_059.bnet,random_mc,12.0,0.010447241218608298,128,4,asynchronous
n010_059.bnet,random_mc,13.0,0.03945214096777729,128,4,asynchronous
n010_059.bnet,random_mc,14.0,0.020125754593509095,128,4,asynchronous
n010_059.bnet,random_mc,15.0,0.013960223661109036,128,4,asynchronous
n010_059.bnet,random_mc,16.0,0.005647226621335415,128,4,asynchronous
n010_059.bnet,random_mc,17.0,0.010703091670913059,128,4,asynchronous
n010_059.bnet,random_mc,18.0,0.0033465874466733513,128,4,asynchronous
n010_059.bnet,random_mc,19.0,0.006680143040490888,128,4,asynchronous
n010_059.bnet,random_mc,20.0,0.007228159655852887,128,4,asynchronous
n010_059.bnet,random_mc,21.0,0.008029758615733093,128,4,asynchronous
n010_059.bnet,random_mc,22.0,0.008738546843633914,128,4,asynchronous
n010_059.bnet,random_mc,23.0,0.0018280939561300588,128,4,asynchronous
n010_059.bnet,random_mc,24.0,0.004297589823972825,128,4,asynchronous
n010_059.bnet,random_mc,25.0,0.0035387263989669405,128,4,asynchronous
n010_059.bnet,random_mc,26.0,0.01231034937340858,128,4,asynchronous
n010_059.bnet,random_mc,27.0,0.003954489717023507,128,4,asynchronous
n010_059.bnet,random_mc,28.0,0.013547246931111893,128,4,asynchronous
n010_059.bnet,random_mc,29.0,0.005877170666269691,128,4,asynchronous
n010_060.bnet,sd_mc,,0.1641147425975344,1024,2,asynchronous
n010_060.bnet,null_mc,,0.2455956105533161,1024,2,asynchronous
n010_060.bnet,ref,,0.4363262039941433,1024,2,asynchronous
n010_060.bnet,random_mc,0.0,0.24475562463755512,1024,2,asynchronous
n010_060.bnet,random_mc,1.0,0.2437605167857102,1024,2,asynchronous
n010_060.bnet,random_mc,2.0,0.24516121440406938,1024,2,asynchronous
n010_060.bnet,random_mc,3.0,0.24371075431484915,1024,2,asynchronous
n010_060.bnet,random_mc,4.0,0.24522178607754566,1024,2,asynchronous
n010_060.bnet,random_mc,5.0,0.24364384112337276,1024,2,asynchronous
n010_060.bnet,random_mc,6.0,0.24364960546059694,1024,2,asynchronous
n010_060.bnet,random_mc,7.0,0.24413497505029447,1024,2,asynchronous
n010_060.bnet,random_mc,8.0,0.24999601085540973,1024,2,asynchronous
n010_060.bnet,random_mc,9.0,0.24678637134941667,1024,2,asynchronous
n010_060.bnet,random_mc,10.0,0.2443983575982697,1024,2,asynchronous
n010_060.bnet,random_mc,11.0,0.2459439727426033,1024,2,asynchronous
n010_060.bnet,random_mc,12.0,0.24728311783074955,1024,2,asynchronous
n010_060.bnet,random_mc,13.0,0.2440402458899182,1024,2,asynchronous
n010_060.bnet,random_mc,14.0,0.24558983639929363,1024,2,asynchronous
n010_060.bnet,random_mc,15.0,0.24486109327521804,1024,2,asynchronous
n010_060.bnet,random_mc,16.0,0.24251658323271472,1024,2,asynchronous
n010_060.bnet,random_mc,17.0,0.24286948649930656,1024,2,asynchronous
n010_060.bnet,random_mc,18.0,0.2444298054392553,1024,2,asynchronous
n010_060.bnet,random_mc,19.0,0.24436358249195406,1024,2,asynchronous
n010_060.bnet,random_mc,20.0,0.24464662441901616,1024,2,asynchronous
n010_060.bnet,random_mc,21.0,0.24544829724129708,1024,2,asynchronous
n010_060.bnet,random_mc,22.0,0.24146083351622502,1024,2,asynchronous
n010_060.bnet,random_mc,23.0,0.24639847841161588,1024,2,asynchronous
n010_060.bnet,random_mc,24.0,0.24574103167452108,1024,2,asynchronous
n010_060.bnet,random_mc,25.0,0.24610555408201226,1024,2,asynchronous
n010_060.bnet,random_mc,26.0,0.24423942244230057,1024,2,asynchronous
n010_060.bnet,random_mc,27.0,0.24369374852652492,1024,2,asynchronous
n010_060.bnet,random_mc,28.0,0.2460677426656462,1024,2,asynchronous
n010_060.bnet,random_mc,29.0,0.24494621848962575,1024,2,asynchronous
n010_061.bnet,sd_mc,,0.03714407355051333,128,3,asynchronous
n010_061.bnet,null_mc,,0.09097276424188756,128,3,asynchronous
n010_061.bnet,ref,,0.2762181019632012,128,3,asynchronous
n010_061.bnet,random_mc,0.0,0.0906573790269891,128,3,asynchronous
n010_061.bnet,random_mc,1.0,0.09242602011502614,128,3,asynchronous
n010_061.bnet,random_mc,2.0,0.08077881536548899,128,3,asynchronous
n010_061.bnet,random_mc,3.0,0.09068459219497378,128,3,asynchronous
n010_061.bnet,random_mc,4.0,0.0832913165953374,128,3,asynchronous
n010_061.bnet,random_mc,5.0,0.08077852527107267,128,3,asynchronous
n010_061.bnet,random_mc,6.0,0.0862556891339926,128,3,asynchronous
n010_061.bnet,random_mc,7.0,0.09225680915833305,128,3,asynchronous
n010_061.bnet,random_mc,8.0,0.08461756887334841,128,3,asynchronous
n010_061.bnet,random_mc,9.0,0.09856775610411288,128,3,asynchronous
n010_061.bnet,random_mc,10.0,0.09566394856895524,128,3,asynchronous
n010_061.bnet,random_mc,11.0,0.09408755357692652,128,3,asynchronous
n010_061.bnet,random_mc,12.0,0.06465147949529959,128,3,asynchronous
n010_061.bnet,random_mc,13.0,0.08918271019356772,128,3,asynchronous
n010_061.bnet,random_mc,14.0,0.08953775568000842,128,3,asynchronous
n010_061.bnet,random_mc,15.0,0.08102811663495929,128,3,asynchronous
n010_061.bnet,random_mc,16.0,0.09260794021020756,128,3,asynchronous
n010_061.bnet,random_mc,17.0,0.09105862729111805,128,3,asynchronous
n010_061.bnet,random_mc,18.0,0.08799148133759484,128,3,asynchronous
n010_061.bnet,random_mc,19.0,0.08832627688594764,128,3,asynchronous
n010_061.bnet,random_mc,20.0,0.09531391201323752,128,3,asynchronous
n010_061.bnet,random_mc,21.0,0.10687548514454229,128,3,asynchronous
n010_061.bnet,random_mc,22.0,0.09834824207014699,128,3,asynchronous
n010_061.bnet,random_mc,23.0,0.09057686803787554,128,3,asynchronous
n010_061.bnet,random_mc,24.0,0.09193892430971728,128,3,asynchronous
n010_061.bnet,random_mc,25.0,0.09530826294546321,128,3,asynchronous
n010_061.bnet,random_mc,26.0,0.09506704546286716,128,3,asynchronous
n010_061.bnet,random_mc,27.0,0.0884144676048274,128,3,asynchronous
n010_061.bnet,random_mc,28.0,0.09366013337368034,128,3,asynchronous
n010_061.bnet,random_mc,29.0,0.06924126344782841,128,3,asynchronous
n010_063.bnet,sd_mc,,0.0355023473402347,32,2,asynchronous
n010_063.bnet,null_mc,,0.12587195875174104,32,2,asynchronous
n010_063.bnet,ref,,0.340358267124511,32,2,asynchronous
n010_063.bnet,random_mc,0.0,0.14532736574787658,32,2,asynchronous
n010_063.bnet,random_mc,1.0,0.1351935801595383,32,2,asynchronous
n010_063.bnet,random_mc,2.0,0.14620167560460914,32,2,asynchronous
n010_063.bnet,random_mc,3.0,0.1567813450724348,32,2,asynchronous
n010_063.bnet,random_mc,4.0,0.12587195875174104,32,2,asynchronous
n010_063.bnet,random_mc,5.0,0.11449072512000819,32,2,asynchronous
n010_063.bnet,random_mc,6.0,0.13429881546672665,32,2,asynchronous
n010_063.bnet,random_mc,7.0,0.08867305490640637,32,2,asynchronous
n010_063.bnet,random_mc,8.0,0.10360705858225902,32,2,asynchronous
n010_063.bnet,random_mc,9.0,0.09633368978700349,32,2,asynchronous
n010_063.bnet,random_mc,10.0,0.128151421967093,32,2,asynchronous
n010_063.bnet,random_mc,11.0,0.10485630771483467,32,2,asynchronous
n010_063.bnet,random_mc,12.0,0.13923531578673637,32,2,asynchronous
n010_063.bnet,random_mc,13.0,0.14298669313490772,32,2,asynchronous
n010_063.bnet,random_mc,14.0,0.11267050838734585,32,2,asynchronous
n010_063.bnet,random_mc,15.0,0.12443520686524488,32,2,asynchronous
n010_063.bnet,random_mc,16.0,0.08769113066090753,32,2,asynchronous
n010_063.bnet,random_mc,17.0,0.069181917544301,32,2,asynchronous
n010_063.bnet,random_mc,18.0,0.1389018022686442,32,2,asynchronous
n010_063.bnet,random_mc,19.0,0.12587195875174104,32,2,asynchronous
n010_063.bnet,random_mc,20.0,0.15576344560323935,32,2,asynchronous
n010_063.bnet,random_mc,21.0,0.1432053298391951,32,2,asynchronous
n010_063.bnet,random_mc,22.0,0.15528372744269817,32,2,asynchronous
n010_063.bnet,random_mc,23.0,0.1414369263632263,32,2,asynchronous
n010_063.bnet,random_mc,24.0,0.1282103338789027,32,2,asynchronous
n010_063.bnet,random_mc,25.0,0.12587195875174104,32,2,asynchronous
n010_063.bnet,random_mc,26.0,0.10512383368277257,32,2,asynchronous
n010_063.bnet,random_mc,27.0,0.1751976900477791,32,2,asynchronous
n010_063.bnet,random_mc,28.0,0.1187321821263586,32,2,asynchronous
n010_063.bnet,random_mc,29.0,0.11810208475472017,32,2,asynchronous
n010_069.bnet,sd_mc,,0.0864200480124722,32,2,asynchronous
n010_069.bnet,null_mc,,0.04689157726036747,32,2,asynchronous
n010_069.bnet,ref,,0.39012667175926974,32,2,asynchronous
n010_069.bnet,random_mc,0.0,0.10770378376152487,32,2,asynchronous
n010_069.bnet,random_mc,1.0,0.07702987978788325,32,2,asynchronous
n010_069.bnet,random_mc,2.0,0.03570914816308871,32,2,asynchronous
n010_069.bnet,random_mc,3.0,0.03181023527490816,32,2,asynchronous
n010_069.bnet,random_mc,4.0,0.02897095514272901,32,2,asynchronous
n010_069.bnet,random_mc,5.0,0.012425953453394504,32,2,asynchronous
n010_069.bnet,random_mc,6.0,0.024752131804297136,32,2,asynchronous
n010_069.bnet,random_mc,7.0,0.09165339454319406,32,2,asynchronous
n010_069.bnet,random_mc,8.0,0.056701684001115325,32,2,asynchronous
n010_069.bnet,random_mc,9.0,0.07764663531484693,32,2,asynchronous
n010_069.bnet,random_mc,10.0,0.0893317979582697,32,2,asynchronous
n010_069.bnet,random_mc,11.0,0.05338447886054538,32,2,asynchronous
n010_069.bnet,random_mc,12.0,0.037900426787062964,32,2,asynchronous
n010_069.bnet,random_mc,13.0,0.03928532948285297,32,2,asynchronous
n010_069.bnet,random_mc,14.0,0.00762524954508423,32,2,asynchronous
n010_069.bnet,random_mc,15.0,0.043660758840271985,32,2,asynchronous
n010_069.bnet,random_mc,16.0,0.1642074692189717,32,2,asynchronous
n010_069.bnet,random_mc,17.0,0.01214072508585577,32,2,asynchronous
n010_069.bnet,random_mc,18.0,0.03608358529317414,32,2,asynchronous
n010_069.bnet,random_mc,19.0,0.01773933008069012,32,2,asynchronous
n010_069.bnet,random_mc,20.0,0.04967105894208222,32,2,asynchronous
n010_069.bnet,random_mc,21.0,0.05589817793377979,32,2,asynchronous
n010_069.bnet,random_mc,22.0,0.03544018389053059,32,2,asynchronous
n010_069.bnet,random_mc,23.0,0.04114214258575608,32,2,asynchronous
n010_069.bnet,random_mc,24.0,0.06138311824357314,32,2,asynchronous
n010_069.bnet,random_mc,25.0,0.09603639921963361,32,2,asynchronous
n010_069.bnet,random_mc,26.0,0.06614946388476355,32,2,asynchronous
n010_069.bnet,random_mc,27.0,0.03582675438318761,32,2,asynchronous
n010_069.bnet,random_mc,28.0,0.03607594901260885,32,2,asynchronous
n010_069.bnet,random_mc,29.0,0.11656065090124051,32,2,asynchronous
n010_070.bnet,sd_mc,,0.0,2,2,asynchronous
n010_070.bnet,null_mc,,0.0,2,2,asynchronous
n010_070.bnet,ref,,0.0,2,2,asynchronous
n010_070.bnet,random_mc,0.0,0.0,2,2,asynchronous
n010_070.bnet,random_mc,1.0,0.0,2,2,asynchronous
n010_070.bnet,random_mc,2.0,0.0,2,2,asynchronous
n010_070.bnet,random_mc,3.0,0.0,2,2,asynchronous
n010_070.bnet,random_mc,4.0,0.0,2,2,asynchronous
n010_070.bnet,random_mc,5.0,0.0,2,2,asynchronous
n010_070.bnet,random_mc,6.0,0.0,2,2,asynchronous
n010_070.bnet,random_mc,7.0,0.0,2,2,asynchronous
n010_070.bnet,random_mc,8.0,0.0,2,2,asynchronous
n010_070.bnet,random_mc,9.0,0.0,2,2,asynchronous
n010_070.bnet,random_mc,10.0,0.0,2,2,asynchronous
n010_070.bnet,random_mc,11.0,0.0,2,2,asynchronous
n010_070.bnet,random_mc,12.0,0.0,2,2,asynchronous
n010_070.bnet,random_mc,13.0,0.0,2,2,asynchronous
n010_070.bnet,random_mc,14.0,0.0,2,2,asynchronous
n010_070.bnet,random_mc,15.0,0.0,2,2,asynchronous
n010_070.bnet,random_mc,16.0,0.0,2,2,asynchronous
n010_070.bnet,random_mc,17.0,0.0,2,2,asynchronous
n010_070.bnet,random_mc,18.0,0.0,2,2,asynchronous
n010_070.bnet,random_mc,19.0,0.0,2,2,asynchronous
n010_070.bnet,random_mc,20.0,0.0,2,2,asynchronous
n010_070.bnet,random_mc,21.0,0.0,2,2,asynchronous
n010_070.bnet,random_mc,22.0,0.0,2,2,asynchronous
n010_070.bnet,random_mc,23.0,0.0,2,2,asynchronous
n010_070.bnet,random_mc,24.0,0.0,2,2,asynchronous
n010_070.bnet,random_mc,25.0,0.0,2,2,asynchronous
n010_070.bnet,random_mc,26.0,0.0,2,2,asynchronous
n010_070.bnet,random_mc,27.0,0.0,2,2,asynchronous
n010_070.bnet,random_mc,28.0,0.0,2,2,asynchronous
n010_070.bnet,random_mc,29.0,0.0,2,2,asynchronous
n010_071.bnet,sd_mc,,0.0025524124404740943,32,2,asynchronous
n010_071.bnet,null_mc,,0.10925098643451535,32,2,asynchronous
n010_071.bnet,ref,,0.46036483145100765,32,2,asynchronous
n010_071.bnet,random_mc,0.0,0.14047848993911943,32,2,asynchronous
n010_071.bnet,random_mc,1.0,0.13462280024795334,32,2,asynchronous
n010_071.bnet,random_mc,2.0,0.09206018876519767,32,2,asynchronous
n010_071.bnet,random_mc,3.0,0.10091688711573266,32,2,asynchronous
n010_071.bnet,random_mc,4.0,0.11847042606152958,32,2,asynchronous
n010_071.bnet,random_mc,5.0,0.13283639641201678,32,2,asynchronous
n010_071.bnet,random_mc,6.0,0.10371586192784868,32,2,asynchronous
n010_071.bnet,random_mc,7.0,0.10387823991708527,32,2,asynchronous
n010_071.bnet,random_mc,8.0,0.12810300882006964,32,2,asynchronous
n010_071.bnet,random_mc,9.0,0.11385196934493659,32,2,asynchronous
n010_071.bnet,random_mc,10.0,0.12827962118806097,32,2,asynchronous
n010_071.bnet,random_mc,11.0,0.09342284240266059,32,2,asynchronous
n010_071.bnet,random_mc,12.0,0.12229256954061288,32,2,asynchronous
n010_071.bnet,random_mc,13.0,0.10255683031062193,32,2,asynchronous
n010_071.bnet,random_mc,14.0,0.11535800281740631,32,2,asynchronous
n010_071.bnet,random_mc,15.0,0.11434268537414626,32,2,asynchronous
n010_071.bnet,random_mc,16.0,0.134602732942927,32,2,asynchronous
n010_071.bnet,random_mc,17.0,0.10418445066323069,32,2,asynchronous
n010_071.bnet,random_mc,18.0,0.10921980289076069,32,2,asynchronous
n010_071.bnet,random_mc,19.0,0.07231069764043116,32,2,asynchronous
n010_071.bnet,random_mc,20.0,0.10674683018831399,32,2,asynchronous
n010_071.bnet,random_mc,21.0,0.13376869465937233,32,2,asynchronous
n010_071.bnet,random_mc,22.0,0.11801265398875704,32,2,asynchronous
n010_071.bnet,random_mc,23.0,0.14900012409465954,32,2,asynchronous
n010_071.bnet,random_mc,24.0,0.09574871966759058,32,2,asynchronous
n010_071.bnet,random_mc,25.0,0.08942055121860512,32,2,asynchronous
n010_071.bnet,random_mc,26.0,0.1005730435028528,32,2,asynchronous
n010_071.bnet,random_mc,27.0,0.0896362721928868,32,2,asynchronous
n010_071.bnet,random_mc,28.0,0.12145659766540941,32,2,asynchronous
n010_071.bnet,random_mc,29.0,0.11879109681756095,32,2,asynchronous
n010_074.bnet,sd_mc,,0.1429359160666897,1024,3,asynchronous
n010_074.bnet,null_mc,,0.09906816707184676,1024,3,asynchronous
n010_074.bnet,ref,,0.33275112225705566,1024,3,asynchronous
n010_074.bnet,random_mc,0.0,0.09897277202028397,1024,3,asynchronous
n010_074.bnet,random_mc,1.0,0.09892055398699463,1024,3,asynchronous
n010_074.bnet,random_mc,2.0,0.0989917275870212,1024,3,asynchronous
n010_074.bnet,random_mc,3.0,0.09879833199341473,1024,3,asynchronous
n010_074.bnet,random_mc,4.0,0.09912020111872598,1024,3,asynchronous
n010_074.bnet,random_mc,5.0,0.0994207378689548,1024,3,asynchronous
n010_074.bnet,random_mc,6.0,0.09870825451160731,1024,3,asynchronous
n010_074.bnet,random_mc,7.0,0.09928388244019251,1024,3,asynchronous
n010_074.bnet,random_mc,8.0,0.09952211840861472,1024,3,asynchronous
n010_074.bnet,random_mc,9.0,0.09926855783913642,1024,3,asynchronous
n010_074.bnet,random_mc,10.0,0.09912326922816328,1024,3,asynchronous
n010_074.bnet,random_mc,11.0,0.09872467391593867,1024,3,asynchronous
n010_074.bnet,random_mc,12.0,0.09887516502769586,1024,3,asynchronous
n010_074.bnet,random_mc,13.0,0.0986295278028971,1024,3,asynchronous
n010_074.bnet,random_mc,14.0,0.09900496969826972,1024,3,asynchronous
n010_074.bnet,random_mc,15.0,0.09877924154312866,1024,3,asynchronous
n010_074.bnet,random_mc,16.0,0.09903787602419059,1024,3,asynchronous
n010_074.bnet,random_mc,17.0,0.09868501242066109,1024,3,asynchronous
n010_074.bnet,random_mc,18.0,0.09901339014179478,1024,3,asynchronous
n010_074.bnet,random_mc,19.0,0.09876541771044023,1024,3,asynchronous
n010_074.bnet,random_mc,20.0,0.0980892390019523,1024,3,asynchronous
n010_074.bnet,random_mc,21.0,0.09921814574049054,1024,3,asynchronous
n010_074.bnet,random_mc,22.0,0.09878351271131332,1024,3,asynchronous
n010_074.bnet,random_mc,23.0,0.09920256858823455,1024,3,asynchronous
n010_074.bnet,random_mc,24.0,0.09963184308415757,1024,3,asynchronous
n010_074.bnet,random_mc,25.0,0.09899823860476153,1024,3,asynchronous
n010_074.bnet,random_mc,26.0,0.09923636343780859,1024,3,asynchronous
n010_074.bnet,random_mc,27.0,0.09913357986748714,1024,3,asynchronous
n010_074.bnet,random_mc,28.0,0.09847295002052157,1024,3,asynchronous
n010_074.bnet,random_mc,29.0,0.09822524005480394,1024,3,asynchronous
n010_076.bnet,sd_mc,,0.002946278254943898,16,3,asynchronous
n010_076.bnet,null_mc,,0.09643155675860918,16,3,asynchronous
n010_076.bnet,ref,,0.19150808657135665,16,3,asynchronous
n010_076.bnet,random_mc,0.0,0.08207728794511128,16,3,asynchronous
n010_076.bnet,random_mc,1.0,0.04349571088329682,16,3,asynchronous
n010_076.bnet,random_mc,2.0,0.0516341908208892,16,3,asynchronous
n010_076.bnet,random_mc,3.0,0.11078442541882799,16,3,asynchronous
n010_076.bnet,random_mc,4.0,0.04601331338399121,16,3,asynchronous
n010_076.bnet,random_mc,5.0,0.0687888779407294,16,3,asynchronous
n010_076.bnet,random_mc,6.0,0.07546394428775813,16,3,asynchronous
n010_076.bnet,random_mc,7.0,0.12516039413614188,16,3,asynchronous
n010_076.bnet,random_mc,8.0,0.12303529655376705,16,3,asynchronous
n010_076.bnet,random_mc,9.0,0.055090701282719506,16,3,asynchronous
n010_076.bnet,random_mc,10.0,0.07672757605300538,16,3,asynchronous
n010_076.bnet,random_mc,11.0,0.16645042209655045,16,3,asynchronous
n010_076.bnet,random_mc,12.0,0.15215500885280117,16,3,asynchronous
n010_076.bnet,random_mc,13.0,0.049009405000972776,16,3,asynchronous
n010_076.bnet,random_mc,14.0,0.12160634015469327,16,3,asynchronous
n010_076.bnet,random_mc,15.0,0.1757821405761801,16,3,asynchronous
n010_076.bnet,random_mc,16.0,0.11937283313115876,16,3,asynchronous
n010_076.bnet,random_mc,17.0,0.05855442380032386,16,3,asynchronous
n010_076.bnet,random_mc,18.0,0.028130939928656007,16,3,asynchronous
n010_076.bnet,random_mc,19.0,0.05617782749943669,16,3,asynchronous
n010_076.bnet,random_mc,20.0,0.024744334087457145,16,3,asynchronous
n010_076.bnet,random_mc,21.0,0.15599088255592253,16,3,asynchronous
n010_076.bnet,random_mc,22.0,0.09907291934009156,16,3,asynchronous
n010_076.bnet,random_mc,23.0,0.08235928825663207,16,3,asynchronous
n010_076.bnet,random_mc,24.0,0.08167900580076833,16,3,asynchronous
n010_076.bnet,random_mc,25.0,0.02185080481340604,16,3,asynchronous
n010_076.bnet,random_mc,26.0,0.16976734766132617,16,3,asynchronous
n010_076.bnet,random_mc,27.0,0.06283068556874487,16,3,asynchronous
n010_076.bnet,random_mc,28.0,0.11154385780025595,16,3,asynchronous
n010_076.bnet,random_mc,29.0,0.07560400773564507,16,3,asynchronous
n010_077.bnet,sd_mc,,0.0,256,2,asynchronous
n010_077.bnet,null_mc,,0.0,256,2,asynchronous
n010_077.bnet,ref,,0.39528470752104744,256,2,asynchronous
n010_077.bnet,random_mc,0.0,0.00768046112325494,256,2,asynchronous
n010_077.bnet,random_mc,1.0,0.0,256,2,asynchronous
n010_077.bnet,random_mc,2.0,0.0,256,2,asynchronous
n010_077.bnet,random_mc,3.0,0.0030294859727328463,256,2,asynchronous
n010_077.bnet,random_mc,4.0,0.007046709748982832,256,2,asynchronous
n010_077.bnet,random_mc,5.0,0.00787959225809247,256,2,asynchronous
n010_077.bnet,random_mc,6.0,0.002835632951403955,256,2,asynchronous
n010_077.bnet,random_mc,7.0,0.003025748948576179,256,2,asynchronous
n010_077.bnet,random_mc,8.0,0.00959390947389648,256,2,asynchronous
n010_077.bnet,random_mc,9.0,0.006271380029006323,256,2,asynchronous
n010_077.bnet,random_mc,10.0,0.0,256,2,asynchronous
n010_077.bnet,random_mc,11.0,0.007596710909618421,256,2,asynchronous
n010_077.bnet,random_mc,12.0,0.0006696045200136303,256,2,asynchronous
n010_077.bnet,random_mc,13.0,0.00043183441811349736,256,2,asynchronous
n010_077.bnet,random_mc,14.0,0.005922236299478719,256,2,asynchronous
n010_077.bnet,random_mc,15.0,0.0021632444137279242,256,2,asynchronous
n010_077.bnet,random_mc,16.0,0.00037086243665450505,256,2,asynchronous
n010_077.bnet,random_mc,17.0,0.0028873890759590834,256,2,asynchronous
n010_077.bnet,random_mc,18.0,0.004536378727948244,256,2,asynchronous
n010_077.bnet,random_mc,19.0,0.0,256,2,asynchronous
n010_077.bnet,random_mc,20.0,0.008076532085356173,256,2,asynchronous
n010_077.bnet,random_mc,21.0,0.0058930912457487985,256,2,asynchronous
n010_077.bnet,random_mc,22.0,0.0024125356039855295,256,2,asynchronous
n010_077.bnet,random_mc,23.0,0.007998366649389306,256,2,asynchronous
n010_077.bnet,random_mc,24.0,0.0006852224876918685,256,2,asynchronous
n010_077.bnet,random_mc,25.0,0.009354064412073405,256,2,asynchronous
n010_077.bnet,random_mc,26.0,0.0,256,2,asynchronous
n010_077.bnet,random_mc,27.0,0.0020867617901696106,256,2,asynchronous
n010_077.bnet,random_mc,28.0,0.00127920423420966,256,2,asynchronous
n010_077.bnet,random_mc,29.0,0.007776802276925382,256,2,asynchronous
n010_080.bnet,sd_mc,,0.021903574579628594,512,3,asynchronous
n010_080.bnet,null_mc,,0.0580444891554745,512,3,asynchronous
n010_080.bnet,ref,,0.3427210790691338,512,3,asynchronous
n010_080.bnet,random_mc,0.0,0.05823409877528707,512,3,asynchronous
n010_080.bnet,random_mc,1.0,0.057957359556220125,512,3,asynchronous
n010_080.bnet,random_mc,2.0,0.05908702526311298,512,3,asynchronous
n010_080.bnet,random_mc,3.0,0.05525709527604089,512,3,asynchronous
n010_080.bnet,random_mc,4.0,0.04654588236704892,512,3,asynchronous
n010_080.bnet,random_mc,5.0,0.05634873185365403,512,3,asynchronous
n010_080.bnet,random_mc,6.0,0.05642744096109427,512,3,asynchronous
n010_080.bnet,random_mc,7.0,0.05614738256251919,512,3,asynchronous
n010_080.bnet,random_mc,8.0,0.05960921973354376,512,3,asynchronous
n010_080.bnet,random_mc,9.0,0.054688621450072465,512,3,asynchronous
n010_080.bnet,random_mc,10.0,0.05771558854684097,512,3,asynchronous
n010_080.bnet,random_mc,11.0,0.05218469982396487,512,3,asynchronous
n010_080.bnet,random_mc,12.0,0.05898818989861576,512,3,asynchronous
n010_080.bnet,random_mc,13.0,0.05543330114680984,512,3,asynchronous
n010_080.bnet,random_mc,14.0,0.05622866381802576,512,3,asynchronous
n010_080.bnet,random_mc,15.0,0.05904245544563857,512,3,asynchronous
n010_080.bnet,random_mc,16.0,0.05689428054080093,512,3,asynchronous
n010_080.bnet,random_mc,17.0,0.054031213797549764,512,3,asynchronous
n010_080.bnet,random_mc,18.0,0.06354550330141083,512,3,asynchronous
n010_080.bnet,random_mc,19.0,0.055800776401570724,512,3,asynchronous
n010_080.bnet,random_mc,20.0,0.054317413193165076,512,3,asynchronous
n010_080.bnet,random_mc,21.0,0.06247223508861737,512,3,asynchronous
n010_080.bnet,random_mc,22.0,0.062134426452292266,512,3,asynchronous
n010_080.bnet,random_mc,23.0,0.05657398837049124,512,3,asynchronous
n010_080.bnet,random_mc,24.0,0.06521735423588132,512,3,asynchronous
n010_080.bnet,random_mc,25.0,0.057504921942379855,512,3,asynchronous
n010_080.bnet,random_mc,26.0,0.05963037749648244,512,3,asynchronous
n010_080.bnet,random_mc,27.0,0.05828697224820266,512,3,asynchronous
n010_080.bnet,random_mc,28.0,0.056631938007152424,512,3,asynchronous
n010_080.bnet,random_mc,29.0,0.05915218423550163,512,3,asynchronous
n010_083.bnet,sd_mc,,0.013860868877906449,64,3,asynchronous
n010_083.bnet,null_mc,,0.1345278452641795,64,3,asynchronous
n010_083.bnet,ref,,0.18186710188716024,64,3,asynchronous
n010_083.bnet,random_mc,0.0,0.12700859731114433,64,3,asynchronous
n010_083.bnet,random_mc,1.0,0.1323639079817142,64,3,asynchronous
n010_083.bnet,random_mc,2.0,0.13732597262764035,64,3,asynchronous
n010_083.bnet,random_mc,3.0,0.1260842368267255,64,3,asynchronous
n010_083.bnet,random_mc,4.0,0.1254526705047735,64,3,asynchronous
n010_083.bnet,random_mc,5.0,0.1402947295503376,64,3,asynchronous
n010_083.bnet,random_mc,6.0,0.12724424933193873,64,3,asynchronous
n010_083.bnet,random_mc,7.0,0.1493336097480625,64,3,asynchronous
n010_083.bnet,random_mc,8.0,0.13692322192004047,64,3,asynchronous
n010_083.bnet,random_mc,9.0,0.1275597973785989,64,3,asynchronous
n010_083.bnet,random_mc,10.0,0.13454209060046873,64,3,asynchronous
n010_083.bnet,random_mc,11.0,0.12597237822328847,64,3,asynchronous
n010_083.bnet,random_mc,12.0,0.12237394104010954,64,3,asynchronous
n010_083.bnet,random_mc,13.0,0.1332524688876421,64,3,asynchronous
n010_083.bnet,random_mc,14.0,0.13286774244584976,64,3,asynchronous
n010_083.bnet,random_mc,15.0,0.1357764184930859,64,3,asynchronous
n010_083.bnet,random_mc,16.0,0.1340178507463036,64,3,asynchronous
n010_083.bnet,random_mc,17.0,0.13211406862369407,64,3,asynchronous
n010_083.bnet,random_mc,18.0,0.12640273195723756,64,3,asynchronous
n010_083.bnet,random_mc,19.0,0.1525322142081771,64,3,asynchronous
n010_083.bnet,random_mc,20.0,0.14131768340587372,64,3,asynchronous
n010_083.bnet,random_mc,21.0,0.13886889812104233,64,3,asynchronous
n010_083.bnet,random_mc,22.0,0.14134416186130153,64,3,asynchronous
n010_083.bnet,random_mc,23.0,0.13013089345247103,64,3,asynchronous
n010_083.bnet,random_mc,24.0,0.1434258857523258,64,3,asynchronous
n010_083.bnet,random_mc,25.0,0.13435391482438305,64,3,asynchronous
n010_083.bnet,random_mc,26.0,0.1292205207727028,64,3,asynchronous
n010_083.bnet,random_mc,27.0,0.1236096604947486,64,3,asynchronous
n010_083.bnet,random_mc,28.0,0.14156457480810022,64,3,asynchronous
n010_083.bnet,random_mc,29.0,0.13186680120770314,64,3,asynchronous
n010_085.bnet,sd_mc,,0.05848051990368011,128,4,asynchronous
n010_085.bnet,null_mc,,0.1695179640854541,128,4,asynchronous
n010_085.bnet,ref,,0.2512232887018518,128,4,asynchronous
n010_085.bnet,random_mc,0.0,0.1501852532867543,128,4,asynchronous
n010_085.bnet,random_mc,1.0,0.17594563286592546,128,4,asynchronous
n010_085.bnet,random_mc,2.0,0.17172785038516286,128,4,asynchronous
n010_085.bnet,random_mc,3.0,0.16182578612537743,128,4,asynchronous
n010_085.bnet,random_mc,4.0,0.15918466418504443,128,4,asynchronous
n010_085.bnet,random_mc,5.0,0.17899494561869594,128,4,asynchronous
n010_085.bnet,random_mc,6.0,0.1676906525981328,128,4,asynchronous
n010_085.bnet,random_mc,7.0,0.1723683676346794,128,4,asynchronous
n010_085.bnet,random_mc,8.0,0.16230965674664521,128,4,asynchronous
n010_085.bnet,random_mc,9.0,0.18879591307321766,128,4,asynchronous
n010_085.bnet,random_mc,10.0,0.16728017627505345,128,4,asynchronous
n010_085.bnet,random_mc,11.0,0.179316469913982,128,4,asynchronous
n010_085.bnet,random_mc,12.0,0.1683914880814132,128,4,asynchronous
n010_085.bnet,random_mc,13.0,0.16325641904085317,128,4,asynchronous
n010_085.bnet,random_mc,14.0,0.16298195425649556,128,4,asynchronous
n010_085.bnet,random_mc,15.0,0.16919592403123085,128,4,asynchronous
n010_085.bnet,random_mc,16.0,0.180496069138382,128,4,asynchronous
n010_085.bnet,random_mc,17.0,0.16432870292008672,128,4,asynchronous
n010_085.bnet,random_mc,18.0,0.15261278089048683,128,4,asynchronous
n010_085.bnet,random_mc,19.0,0.17309441842869513,128,4,asynchronous
n010_085.bnet,random_mc,20.0,0.1459325986453019,128,4,asynchronous
n010_085.bnet,random_mc,21.0,0.1588437164500613,128,4,asynchronous
n010_085.bnet,random_mc,22.0,0.1839100832743719,128,4,asynchronous
n010_085.bnet,random_mc,23.0,0.16807662613776422,128,4,asynchronous
n010_085.bnet,random_mc,24.0,0.18808529247564834,128,4,asynchronous
n010_085.bnet,random_mc,25.0,0.17104375431794397,128,4,asynchronous
n010_085.bnet,random_mc,26.0,0.16712397110774835,128,4,asynchronous
n010_085.bnet,random_mc,27.0,0.16716713026164445,128,4,asynchronous
n010_085.bnet,random_mc,28.0,0.16650795583193484,128,4,asynchronous
n010_085.bnet,random_mc,29.0,0.17140583712182583,128,4,asynchronous
n010_091.bnet,sd_mc,,0.02472585252107156,1024,2,asynchronous
n010_091.bnet,null_mc,,0.038515700620149744,1024,2,asynchronous
n010_091.bnet,ref,,0.47590278334367936,1024,2,asynchronous
n010_091.bnet,random_mc,0.0,0.03257456853718369,1024,2,asynchronous
n010_091.bnet,random_mc,1.0,0.04793710836253282,1024,2,asynchronous
n010_091.bnet,random_mc,2.0,0.043348239512299894,1024,2,asynchronous
n010_091.bnet,random_mc,3.0,0.03844768470683105,1024,2,asynchronous
n010_091.bnet,random_mc,4.0,0.048348106987864764,1024,2,asynchronous
n010_091.bnet,random_mc,5.0,0.041029751672413156,1024,2,asynchronous
n010_091.bnet,random_mc,6.0,0.04102429467882964,1024,2,asynchronous
n010_091.bnet,random_mc,7.0,0.029610386224867617,1024,2,asynchronous
n010_091.bnet,random_mc,8.0,0.01933519717269902,1024,2,asynchronous
n010_091.bnet,random_mc,9.0,0.04634248403231852,1024,2,asynchronous
n010_091.bnet,random_mc,10.0,0.0360239813145546,1024,2,asynchronous
n010_091.bnet,random_mc,11.0,0.04269703370676629,1024,2,asynchronous
n010_091.bnet,random_mc,12.0,0.02564443342200545,1024,2,asynchronous
n010_091.bnet,random_mc,13.0,0.04231769635295663,1024,2,asynchronous
n010_091.bnet,random_mc,14.0,0.044379134700325916,1024,2,asynchronous
n010_091.bnet,random_mc,15.0,0.052036015230201904,1024,2,asynchronous
n010_091.bnet,random_mc,16.0,0.0385202118304419,1024,2,asynchronous
n010_091.bnet,random_mc,17.0,0.03486638170642844,1024,2,asynchronous
n010_091.bnet,random_mc,18.0,0.03785676896138753,1024,2,asynchronous
n010_091.bnet,random_mc,19.0,0.04185201707877037,1024,2,asynchronous
n010_091.bnet,random_mc,20.0,0.03291996634468673,1024,2,asynchronous
n010_091.bnet,random_mc,21.0,0.025083585399285648,1024,2,asynchronous
n010_091.bnet,random_mc,22.0,0.029669250546970387,1024,2,asynchronous
n010_091.bnet,random_mc,23.0,0.0339996417842056,1024,2,asynchronous
n010_091.bnet,random_mc,24.0,0.030223256267771927,1024,2,asynchronous
n010_091.bnet,random_mc,25.0,0.03841584316649406,1024,2,asynchronous
n010_091.bnet,random_mc,26.0,0.033917749656187796,1024,2,asynchronous
n010_091.bnet,random_mc,27.0,0.046837903801745,1024,2,asynchronous
n010_091.bnet,random_mc,28.0,0.03819578540494853,1024,2,asynchronous
n010_091.bnet,random_mc,29.0,0.03431608847206478,1024,2,asynchronous
n010_094.bnet,sd_mc,,0.1754484436712249,1024,2,asynchronous
n010_094.bnet,null_mc,,0.10598034410429688,1024,2,asynchronous
n010_094.bnet,ref,,0.42999622518928404,1024,2,asynchronous
n010_094.bnet,random_mc,0.0,0.10570065678195414,1024,2,asynchronous
n010_094.bnet,random_mc,1.0,0.10473890619115572,1024,2,asynchronous
n010_094.bnet,random_mc,2.0,0.10392927467059532,1024,2,asynchronous
n010_094.bnet,random_mc,3.0,0.10954456027519036,1024,2,asynchronous
n010_094.bnet,random_mc,4.0,0.10362574729332648,1024,2,asynchronous
n010_094.bnet,random_mc,5.0,0.10894998385665432,1024,2,asynchronous
n010_094.bnet,random_mc,6.0,0.10550913773549896,1024,2,asynchronous
n010_094.bnet,random_mc,7.0,0.10672090208084355,1024,2,asynchronous
n010_094.bnet,random_mc,8.0,0.10685266466214374,1024,2,asynchronous
n010_094.bnet,random_mc,9.0,0.10660815993241113,1024,2,asynchronous
n010_094.bnet,random_mc,10.0,0.10711287657003012,1024,2,asynchronous
n010_094.bnet,random_mc,11.0,0.10362696636230921,1024,2,asynchronous
n010_094.bnet,random_mc,12.0,0.1074051526117015,1024,2,asynchronous
n010_094.bnet,random_mc,13.0,0.10492434607783029,1024,2,asynchronous
n010_094.bnet,random_mc,14.0,0.10464394769073172,1024,2,asynchronous
n010_094.bnet,random_mc,15.0,0.1063903475566537,1024,2,asynchronous
n010_094.bnet,random_mc,16.0,0.10397941410228319,1024,2,asynchronous
n010_094.bnet,random_mc,17.0,0.10658809168248157,1024,2,asynchronous
n010_094.bnet,random_mc,18.0,0.1097848807321643,1024,2,asynchronous
n010_094.bnet,random_mc,19.0,0.10303198151987879,1024,2,asynchronous
n010_094.bnet,random_mc,20.0,0.10779011988567429,1024,2,asynchronous
n010_094.bnet,random_mc,21.0,0.10483556867443827,1024,2,asynchronous
n010_094.bnet,random_mc,22.0,0.10522313449878513,1024,2,asynchronous
n010_094.bnet,random_mc,23.0,0.10441019046612418,1024,2,asynchronous
n010_094.bnet,random_mc,24.0,0.10796938806397877,1024,2,asynchronous
n010_094.bnet,random_mc,25.0,0.10643681570718279,1024,2,asynchronous
n010_094.bnet,random_mc,26.0,0.10622858667623235,1024,2,asynchronous
n010_094.bnet,random_mc,27.0,0.10661353194252697,1024,2,asynchronous
n010_094.bnet,random_mc,28.0,0.10734026409969377,1024,2,asynchronous
n010_094.bnet,random_mc,29.0,0.10781375529495495,1024,2,asynchronous
n010_097.bnet,sd_mc,,9.614813431917819e-17,8,2,asynchronous
n010_097.bnet,null_mc,,9.614813431917819e-17,8,2,asynchronous
n010_097.bnet,ref,,0.20412414523193154,8,2,asynchronous
n010_097.bnet,random_mc,0.0,9.614813431917819e-17,8,2,asynchronous
n010_097.bnet,random_mc,1.0,9.614813431917819e-17,8,2,asynchronous
n010_097.bnet,random_mc,2.0,9.614813431917819e-17,8,2,asynchronous
n010_097.bnet,random_mc,3.0,9.614813431917819e-17,8,2,asynchronous
n010_097.bnet,random_mc,4.0,9.614813431917819e-17,8,2,asynchronous
n010_097.bnet,random_mc,5.0,9.614813431917819e-17,8,2,asynchronous
n010_097.bnet,random_mc,6.0,9.614813431917819e-17,8,2,asynchronous
n010_097.bnet,random_mc,7.0,9.614813431917819e-17,8,2,asynchronous
n010_097.bnet,random_mc,8.0,9.614813431917819e-17,8,2,asynchronous
n010_097.bnet,random_mc,9.0,9.614813431917819e-17,8,2,asynchronous
n010_097.bnet,random_mc,10.0,9.614813431917819e-17,8,2,asynchronous
n010_097.bnet,random_mc,11.0,9.614813431917819e-17,8,2,asynchronous
n010_097.bnet,random_mc,12.0,9.614813431917819e-17,8,2,asynchronous
n010_097.bnet,random_mc,13.0,9.614813431917819e-17,8,2,asynchronous
n010_097.bnet,random_mc,14.0,9.614813431917819e-17,8,2,asynchronous
n010_097.bnet,random_mc,15.0,9.614813431917819e-17,8,2,asynchronous
n010_097.bnet,random_mc,16.0,9.614813431917819e-17,8,2,asynchronous
n010_097.bnet,random_mc,17.0,9.614813431917819e-17,8,2,asynchronous
n010_097.bnet,random_mc,18.0,9.614813431917819e-17,8,2,asynchronous
n010_097.bnet,random_mc,19.0,9.614813431917819e-17,8,2,asynchronous
n010_097.bnet,random_mc,20.0,9.614813431917819e-17,8,2,asynchronous
n010_097.bnet,random_mc,21.0,9.614813431917819e-17,8,2,asynchronous
n010_097.bnet,random_mc,22.0,9.614813431917819e-17,8,2,asynchronous
n010_097.bnet,random_mc,23.0,9.614813431917819e-17,8,2,asynchronous
n010_097.bnet,random_mc,24.0,9.614813431917819e-17,8,2,asynchronous
n010_097.bnet,random_mc,25.0,9.614813431917819e-17,8,2,asynchronous
n010_097.bnet,random_mc,26.0,9.614813431917819e-17,8,2,asynchronous
n010_097.bnet,random_mc,27.0,9.614813431917819e-17,8,2,asynchronous
n010_097.bnet,random_mc,28.0,9.614813431917819e-17,8,2,asynchronous
n010_097.bnet,random_mc,29.0,9.614813431917819e-17,8,2,asynchronous
n010_098.bnet,sd_mc,,0.045931811325854346,32,2,asynchronous
n010_098.bnet,null_mc,,0.08197670380966528,32,2,asynchronous
n010_098.bnet,ref,,0.19802018418522624,32,2,asynchronous
n010_098.bnet,random_mc,0.0,0.07783525148692036,32,2,asynchronous
n010_098.bnet,random_mc,1.0,0.08144115521963961,32,2,asynchronous
n010_098.bnet,random_mc,2.0,0.08325017980066424,32,2,asynchronous
n010_098.bnet,random_mc,3.0,0.09575666165169021,32,2,asynchronous
n010_098.bnet,random_mc,4.0,0.0659149545833068,32,2,asynchronous
n010_098.bnet,random_mc,5.0,0.08152882323263909,32,2,asynchronous
n010_098.bnet,random_mc,6.0,0.0699241725152847,32,2,asynchronous
n010_098.bnet,random_mc,7.0,0.08719259099145207,32,2,asynchronous
n010_098.bnet,random_mc,8.0,0.09443858682612909,32,2,asynchronous
n010_098.bnet,random_mc,9.0,0.10512546588775916,32,2,asynchronous
n010_098.bnet,random_mc,10.0,0.10110123221642872,32,2,asynchronous
n010_098.bnet,random_mc,11.0,0.05994292443508021,32,2,asynchronous
n010_098.bnet,random_mc,12.0,0.047677898740981633,32,2,asynchronous
n010_098.bnet,random_mc,13.0,0.08678865824985023,32,2,asynchronous
n010_098.bnet,random_mc,14.0,0.06788230348474887,32,2,asynchronous
n010_098.bnet,random_mc,15.0,0.0699457048612748,32,2,asynchronous
n010_098.bnet,random_mc,16.0,0.09172911496920053,32,2,asynchronous
n010_098.bnet,random_mc,17.0,0.07707863457835458,32,2,asynchronous
n010_098.bnet,random_mc,18.0,0.08390846829124508,32,2,asynchronous
n010_098.bnet,random_mc,19.0,0.0410065472233341,32,2,asynchronous
n010_098.bnet,random_mc,20.0,0.06887859263685732,32,2,asynchronous
n010_098.bnet,random_mc,21.0,0.0802144159451763,32,2,asynchronous
n010_098.bnet,random_mc,22.0,0.08564757596723505,32,2,asynchronous
n010_098.bnet,random_mc,23.0,0.06204769144238906,32,2,asynchronous
n010_098.bnet,random_mc,24.0,0.0896136147782025,32,2,asynchronous
n010_098.bnet,random_mc,25.0,0.10788321073494506,32,2,asynchronous
n010_098.bnet,random_mc,26.0,0.0738211775621777,32,2,asynchronous
n010_098.bnet,random_mc,27.0,0.05260850550665546,32,2,asynchronous
n010_098.bnet,random_mc,28.0,0.07932923428003268,32,2,asynchronous
n010_098.bnet,random_mc,29.0,0.07421434957623928,32,2,asynchronous
n010_099.bnet,sd_mc,,0.059144135914539826,1024,2,asynchronous
n010_099.bnet,null_mc,,0.4076215895087062,1024,2,asynchronous
n010_099.bnet,ref,,0.32947955739854795,1024,2,asynchronous
n010_099.bnet,random_mc,0.0,0.40781104568118925,1024,2,asynchronous
n010_099.bnet,random_mc,1.0,0.4071664750402612,1024,2,asynchronous
n010_099.bnet,random_mc,2.0,0.4069200199014776,1024,2,asynchronous
n010_099.bnet,random_mc,3.0,0.4072225243436291,1024,2,asynchronous
n010_099.bnet,random_mc,4.0,0.407585771441661,1024,2,asynchronous
n010_099.bnet,random_mc,5.0,0.40733719175205735,1024,2,asynchronous
n010_099.bnet,random_mc,6.0,0.40774074328903465,1024,2,asynchronous
n010_099.bnet,random_mc,7.0,0.40757221581522574,1024,2,asynchronous
n010_099.bnet,random_mc,8.0,0.4079613963972812,1024,2,asynchronous
n010_099.bnet,random_mc,9.0,0.4077524362636747,1024,2,asynchronous
n010_099.bnet,random_mc,10.0,0.40755713607348354,1024,2,asynchronous
n010_099.bnet,random_mc,11.0,0.4073268250770177,1024,2,asynchronous
n010_099.bnet,random_mc,12.0,0.4076504544693426,1024,2,asynchronous
n010_099.bnet,random_mc,13.0,0.4076275408551498,1024,2,asynchronous
n010_099.bnet,random_mc,14.0,0.4072087021463704,1024,2,asynchronous
n010_099.bnet,random_mc,15.0,0.40768247074585057,1024,2,asynchronous
n010_099.bnet,random_mc,16.0,0.4077834547713999,1024,2,asynchronous
n010_099.bnet,random_mc,17.0,0.407306774633153,1024,2,asynchronous
n010_099.bnet,random_mc,18.0,0.40754084888571235,1024,2,asynchronous
n010_099.bnet,random_mc,19.0,0.4071632568003945,1024,2,asynchronous
n010_099.bnet,random_mc,20.0,0.40735880825996407,1024,2,asynchronous
n010_099.bnet,random_mc,21.0,0.4083792681950847,1024,2,asynchronous
n010_099.bnet,random_mc,22.0,0.4076064334803765,1024,2,asynchronous
n010_099.bnet,random_mc,23.0,0.40764177174673544,1024,2,asynchronous
n010_099.bnet,random_mc,24.0,0.40733307431878163,1024,2,asynchronous
n010_099.bnet,random_mc,25.0,0.4076159693695274,1024,2,asynchronous
n010_099.bnet,random_mc,26.0,0.40780469076340364,1024,2,asynchronous
n010_099.bnet,random_mc,27.0,0.4074183187697833,1024,2,asynchronous
n010_099.bnet,random_mc,28.0,0.4068715043526296,1024,2,asynchronous
n010_099.bnet,random_mc,29.0,0.407519778076879,1024,2,asynchronous
