bnet,method,run,TP,FP,TN,FN,n_states,n_attractors,update_scheme
n010_000.bnet,sd_mc,,480,0,5152,0,1024,2,asynchronous
n010_000.bnet,null_mc,,32,160,4992,448,1024,2,asynchronous
n010_000.bnet,random_mc,0.0,32,160,4992,448,1024,2,asynchronous
n010_000.bnet,random_mc,1.0,32,160,4992,448,1024,2,asynchronous
n010_000.bnet,random_mc,2.0,32,160,4992,448,1024,2,asynchronous
n010_000.bnet,random_mc,3.0,32,160,4992,448,1024,2,asynchronous
n010_000.bnet,random_mc,4.0,32,160,4992,448,1024,2,asynchronous
n010_000.bnet,random_mc,5.0,32,160,4992,448,1024,2,asynchronous
n010_000.bnet,random_mc,6.0,32,160,4992,448,1024,2,asynchronous
n010_000.bnet,random_mc,7.0,32,160,4992,448,1024,2,asynchronous
n010_000.bnet,random_mc,8.0,32,160,4992,448,1024,2,asynchronous
n010_000.bnet,random_mc,9.0,32,160,4992,448,1024,2,asynchronous
n010_000.bnet,random_mc,10.0,32,160,4992,448,1024,2,asynchronous
n010_000.bnet,random_mc,11.0,32,160,4992,448,1024,2,asynchronous
n010_000.bnet,random_mc,12.0,32,160,4992,448,1024,2,asynchronous
n010_000.bnet,random_mc,13.0,32,160,4992,448,1024,2,asynchronous
n010_000.bnet,random_mc,14.0,32,160,4992,448,1024,2,asynchronous
n010_000.bnet,random_mc,15.0,32,160,4992,448,1024,2,asynchronous
n010_000.bnet,random_mc,16.0,32,160,4992,448,1024,2,asynchronous
n010_000.bnet,random_mc,17.0,32,160,4992,448,1024,2,asynchronous
n010_000.bnet,random_mc,18.0,32,160,4992,448,1024,2,asynchronous
n010_000.bnet,random_mc,19.0,32,160,4992,448,1024,2,asynchronous
n010_000.bnet,random_mc,20.0,32,160,4992,448,1024,2,asynchronous
n010_000.bnet,random_mc,21.0,32,160,4992,448,1024,2,asynchronous
n010_000.bnet,random_mc,22.0,32,160,4992,448,1024,2,asynchronous
n010_000.bnet,random_mc,23.0,32,160,4992,448,1024,2,asynchronous
n010_000.bnet,random_mc,24.0,32,160,4992,448,1024,2,asynchronous
n010_000.bnet,random_mc,25.0,32,160,4992,448,1024,2,asynchronous
n010_000.bnet,random_mc,26.0,32,160,4992,448,1024,2,asynchronous
n010_000.bnet,random_mc,27.0,32,160,4992,448,1024,2,asynchronous
n010_000.bnet,random_mc,28.0,32,160,4992,448,1024,2,asynchronous
n010_000.bnet,random_mc,29.0,32,160,4992,448,1024,2,asynchronous
n010_001.bnet,sd_mc,,24,14,162,24,64,5,asynchronous
n010_001.bnet,null_mc,,12,12,164,36,64,5,asynchronous
n010_001.bnet,random_mc,0.0,12,12,164,36,64,5,asynchronous
n010_001.bnet,random_mc,1.0,12,12,164,36,64,5,asynchronous
n010_001.bnet,random_mc,2.0,12,12,164,36,64,5,asynchronous
n010_001.bnet,random_mc,3.0,12,12,164,36,64,5,asynchronous
n010_001.bnet,random_mc,4.0,12,12,164,36,64,5,asynchronous
n010_001.bnet,random_mc,5.0,12,12,164,36,64,5,asynchronous
n010_001.bnet,random_mc,6.0,12,12,164,36,64,5,asynchronous
n010_001.bnet,random_mc,7.0,12,12,164,36,64,5,asynchronous
n010_001.bnet,random_mc,8.0,12,12,164,36,64,5,asynchronous
n010_001.bnet,random_mc,9.0,12,12,164,36,64,5,asynchronous
n010_001.bnet,random_mc,10.0,12,12,164,36,64,5,asynchronous
n010_001.bnet,random_mc,11.0,12,12,164,36,64,5,asynchronous
n010_001.bnet,random_mc,12.0,12,12,164,36,64,5,asynchronous
n010_001.bnet,random_mc,13.0,12,12,164,36,64,5,asynchronous
n010_001.bnet,random_mc,14.0,12,12,164,36,64,5,asynchronous
n010_001.bnet,random_mc,15.0,12,12,164,36,64,5,asynchronous
n010_001.bnet,random_mc,16.0,12,12,164,36,64,5,asynchronous
n010_001.bnet,random_mc,17.0,12,12,164,36,64,5,asynchronous
n010_001.bnet,random_mc,18.0,12,12,164,36,64,5,asynchronous
n010_001.bnet,random_mc,19.0,12,12,164,36,64,5,asynchronous
n010_001.bnet,random_mc,20.0,12,12,164,36,64,5,asynchronous
n010_001.bnet,random_mc,21.0,12,12,164,36,64,5,asynchronous
n010_001.bnet,random_mc,22.0,12,12,164,36,64,5,asynchronous
n010_001.bnet,random_mc,23.0,12,12,164,36,64,5,asynchronous
n010_001.bnet,random_mc,24.0,12,12,164,36,64,5,asynchronous
n010_001.bnet,random_mc,25.0,12,12,164,36,64,5,asynchronous
n010_001.bnet,random_mc,26.0,12,12,164,36,64,5,asynchronous
n010_001.bnet,random_mc,27.0,12,12,164,36,64,5,asynchronous
n010_001.bnet,random_mc,28.0,12,12,164,36,64,5,asynchronous
n010_001.bnet,random_mc,29.0,12,12,164,36,64,5,asynchronous
n010_004.bnet,sd_mc,,441,97,2020,129,512,4,asynchronous
n010_004.bnet,null_mc,,10,20,2097,560,512,4,asynchronous
n010_004.bnet,random_mc,0.0,10,20,2097,560,512,4,asynchronous
n010_004.bnet,random_mc,1.0,10,20,2097,560,512,4,asynchronous
n010_004.bnet,random_mc,2.0,10,20,2097,560,512,4,asynchronous
n010_004.bnet,random_mc,3.0,10,20,2097,560,512,4,asynchronous
n010_004.bnet,random_mc,4.0,10,20,2097,560,512,4,asynchronous
n010_004.bnet,random_mc,5.0,10,20,2097,560,512,4,asynchronous
n010_004.bnet,random_mc,6.0,10,20,2097,560,512,4,asynchronous
n010_004.bnet,random_mc,7.0,10,20,2097,560,512,4,asynchronous
n010_004.bnet,random_mc,8.0,10,20,2097,560,512,4,asynchronous
n010_004.bnet,random_mc,9.0,10,20,2097,560,512,4,asynchronous
n010_004.bnet,random_mc,10.0,10,20,2097,560,512,4,asynchronous
n010_004.bnet,random_mc,11.0,10,20,2097,560,512,4,asynchronous
n010_004.bnet,random_mc,12.0,10,20,2097,560,512,4,asynchronous
n010_004.bnet,random_mc,13.0,10,20,2097,560,512,4,asynchronous
n010_004.bnet,random_mc,14.0,10,20,2097,560,512,4,asynchronous
n010_004.bnet,random_mc,15.0,10,20,2097,560,512,4,asynchronous
n010_004.bnet,random_mc,16.0,10,20,2097,560,512,4,asynchronous
n010_004.bnet,random_mc,17.0,10,20,2097,560,512,4,asynchronous
n010_004.bnet,random_mc,18.0,10,20,2097,560,512,4,asynchronous
n010_004.bnet,random_mc,19.0,10,20,2097,560,512,4,asynchronous
n010_004.bnet,random_mc,20.0,10,20,2097,560,512,4,asynchronous
n010_004.bnet,random_mc,21.0,10,20,2097,560,512,4,asynchronous
n010_004.bnet,random_mc,22.0,10,20,2097,560,512,4,asynchronous
n010_004.bnet,random_mc,23.0,10,20,2097,560,512,4,asynchronous
n010_004.bnet,random_mc,24.0,10,20,2097,560,512,4,asynchronous
n010_004.bnet,random_mc,25.0,10,20,2097,560,512,4,asynchronous
n010_004.bnet,random_mc,26.0,10,20,2097,560,512,4,asynchronous
n010_004.bnet,random_mc,27.0,10,20,2097,560,512,4,asynchronous
n010_004.bnet,random_mc,28.0,10,20,2097,560,512,4,asynchronous
n010_004.bnet,random_mc,29.0,10,20,2097,560,512,4,asynchronous
n010_006.bnet,sd_mc,,316,28,5257,159,1024,2,asynchronous
n010_006.bnet,null_mc,,4,14,5271,471,1024,2,asynchronous
n010_006.bnet,random_mc,0.0,4,14,5271,471,1024,2,asynchronous
n010_006.bnet,random_mc,1.0,4,14,5271,471,1024,2,asynchronous
n010_006.bnet,random_mc,2.0,4,14,5271,471,1024,2,asynchronous
n010_006.bnet,random_mc,3.0,4,14,5271,471,1024,2,asynchronous
n010_006.bnet,random_mc,4.0,4,14,5271,471,1024,2,asynchronous
n010_006.bnet,random_mc,5.0,4,14,5271,471,1024,2,asynchronous
n010_006.bnet,random_mc,6.0,4,14,5271,471,1024,2,asynchronous
n010_006.bnet,random_mc,7.0,4,14,5271,471,1024,2,asynchronous
n010_006.bnet,random_mc,8.0,4,14,5271,471,1024,2,asynchronous
n010_006.bnet,random_mc,9.0,4,14,5271,471,1024,2,asynchronous
n010_006.bnet,random_mc,10.0,4,14,5271,471,1024,2,asynchronous
n010_006.bnet,random_mc,11.0,4,14,5271,471,1024,2,asynchronous
n010_006.bnet,random_mc,12.0,4,14,5271,471,1024,2,asynchronous
n010_006.bnet,random_mc,13.0,4,14,5271,471,1024,2,asynchronous
n010_006.bnet,random_mc,14.0,4,14,5271,471,1024,2,asynchronous
n010_006.bnet,random_mc,15.0,4,14,5271,471,1024,2,asynchronous
n010_006.bnet,random_mc,16.0,4,14,5271,471,1024,2,asynchronous
n010_006.bnet,random_mc,17.0,4,14,5271,471,1024,2,asynchronous
n010_006.bnet,random_mc,18.0,4,14,5271,471,1024,2,asynchronous
n010_006.bnet,random_mc,19.0,4,14,5271,471,1024,2,asynchronous
n010_006.bnet,random_mc,20.0,4,14,5271,471,1024,2,asynchronous
n010_006.bnet,random_mc,21.0,4,14,5271,471,1024,2,asynchronous
n010_006.bnet,random_mc,22.0,4,14,5271,471,1024,2,asynchronous
n010_006.bnet,random_mc,23.0,4,14,5271,471,1024,2,asynchronous
n010_006.bnet,random_mc,24.0,4,14,5271,471,1024,2,asynchronous
n010_006.bnet,random_mc,25.0,4,14,5271,471,1024,2,asynchronous
n010_006.bnet,random_mc,26.0,4,14,5271,471,1024,2,asynchronous
n010_006.bnet,random_mc,27.0,4,14,5271,471,1024,2,asynchronous
n010_006.bnet,random_mc,28.0,4,14,5271,471,1024,2,asynchronous
n010_006.bnet,random_mc,29.0,4,14,5271,471,1024,2,asynchronous
n010_007.bnet,sd_mc,,27,6,2616,39,512,2,asynchronous
n010_007.bnet,null_mc,,11,5,2617,55,512,2,asynchronous
n010_007.bnet,random_mc,0.0,11,5,2617,55,512,2,asynchronous
n010_007.bnet,random_mc,1.0,11,5,2617,55,512,2,asynchronous
n010_007.bnet,random_mc,2.0,11,5,2617,55,512,2,asynchronous
n010_007.bnet,random_mc,3.0,11,5,2617,55,512,2,asynchronous
n010_007.bnet,random_mc,4.0,11,5,2617,55,512,2,asynchronous
n010_007.bnet,random_mc,5.0,11,5,2617,55,512,2,asynchronous
n010_007.bnet,random_mc,6.0,11,5,2617,55,512,2,asynchronous
n010_007.bnet,random_mc,7.0,11,5,2617,55,512,2,asynchronous
n010_007.bnet,random_mc,8.0,11,5,2617,55,512,2,asynchronous
n010_007.bnet,random_mc,9.0,11,5,2617,55,512,2,asynchronous
n010_007.bnet,random_mc,10.0,11,5,2617,55,512,2,asynchronous
n010_007.bnet,random_mc,11.0,11,5,2617,55,512,2,asynchronous
n010_007.bnet,random_mc,12.0,11,5,2617,55,512,2,asynchronous
n010_007.bnet,random_mc,13.0,11,5,2617,55,512,2,asynchronous
n010_007.bnet,random_mc,14.0,11,5,2617,55,512,2,asynchronous
n010_007.bnet,random_mc,15.0,11,5,2617,55,512,2,asynchronous
n010_007.bnet,random_mc,16.0,11,5,2617,55,512,2,asynchronous
n010_007.bnet,random_mc,17.0,11,5,2617,55,512,2,asynchronous
n010_007.bnet,random_mc,18.0,11,5,2617,55,512,2,asynchronous
n010_007.bnet,random_mc,19.0,11,5,2617,55,512,2,asynchronous
n010_007.bnet,random_mc,20.0,11,5,2617,55,512,2,asynchronous
n010_007.bnet,random_mc,21.0,11,5,2617,55,512,2,asynchronous
n010_007.bnet,random_mc,22.0,11,5,2617,55,512,2,asynchronous
n010_007.bnet,random_mc,23.0,11,5,2617,55,512,2,asynchronous
n010_007.bnet,random_mc,24.0,11,5,2617,55,512,2,asynchronous
n010_007.bnet,random_mc,25.0,11,5,2617,55,512,2,asynchronous
n010_007.bnet,random_mc,26.0,11,5,2617,55,512,2,asynchronous
n010_007.bnet,random_mc,27.0,11,5,2617,55,512,2,asynchronous
n010_007.bnet,random_mc,28.0,11,5,2617,55,512,2,asynchronous
n010_007.bnet,random_mc,29.0,11,5,2617,55,512,2,asynchronous
n010_008.bnet,sd_mc,,114,22,1017,62,256,3,asynchronous
n010_008.bnet,null_mc,,22,70,969,154,256,3,asynchronous
n010_008.bnet,random_mc,0.0,22,70,969,154,256,3,asynchronous
n010_008.bnet,random_mc,1.0,22,70,969,154,256,3,asynchronous
n010_008.bnet,random_mc,2.0,22,70,969,154,256,3,asynchronous
n010_008.bnet,random_mc,3.0,22,70,969,154,256,3,asynchronous
n010_008.bnet,random_mc,4.0,22,70,969,154,256,3,asynchronous
n010_008.bnet,random_mc,5.0,22,70,969,154,256,3,asynchronous
n010_008.bnet,random_mc,6.0,22,70,969,154,256,3,asynchronous
n010_008.bnet,random_mc,7.0,22,70,969,154,256,3,asynchronous
n010_008.bnet,random_mc,8.0,22,70,969,154,256,3,asynchronous
n010_008.bnet,random_mc,9.0,22,70,969,154,256,3,asynchronous
n010_008.bnet,random_mc,10.0,22,70,969,154,256,3,asynchronous
n010_008.bnet,random_mc,11.0,22,70,969,154,256,3,asynchronous
n010_008.bnet,random_mc,12.0,22,70,969,154,256,3,asynchronous
n010_008.bnet,random_mc,13.0,22,70,969,154,256,3,asynchronous
n010_008.bnet,random_mc,14.0,22,70,969,154,256,3,asynchronous
n010_008.bnet,random_mc,15.0,22,70,969,154,256,3,asynchronous
n010_008.bnet,random_mc,16.0,22,70,969,154,256,3,asynchronous
n010_008.bnet,random_mc,17.0,22,70,969,154,256,3,asynchronous
n010_008.bnet,random_mc,18.0,22,70,969,154,256,3,asynchronous
n010_008.bnet,random_mc,19.0,22,70,969,154,256,3,asynchronous
n010_008.bnet,random_mc,20.0,22,70,969,154,256,3,asynchronous
n010_008.bnet,random_mc,21.0,22,70,969,154,256,3,asynchronous
n010_008.bnet,random_mc,22.0,22,70,969,154,256,3,asynchronous
n010_008.bnet,random_mc,23.0,22,70,969,154,256,3,asynchronous
n010_008.bnet,random_mc,24.0,22,70,969,154,256,3,asynchronous
n010_008.bnet,random_mc,25.0,22,70,969,154,256,3,asynchronous
n010_008.bnet,random_mc,26.0,22,70,969,154,256,3,asynchronous
n010_008.bnet,random_mc,27.0,22,70,969,154,256,3,asynchronous
n010_008.bnet,random_mc,28.0,22,70,969,154,256,3,asynchronous
n010_008.bnet,random_mc,29.0,22,70,969,154,256,3,asynchronous
n010_009.bnet,sd_mc,,142,2,1091,12,256,2,asynchronous
n010_009.bnet,null_mc,,97,6,1087,57,256,2,asynchronous
n010_009.bnet,random_mc,0.0,97,6,1087,57,256,2,asynchronous
n010_009.bnet,random_mc,1.0,97,6,1087,57,256,2,asynchronous
n010_009.bnet,random_mc,2.0,97,6,1087,57,256,2,asynchronous
n010_009.bnet,random_mc,3.0,97,6,1087,57,256,2,asynchronous
n010_009.bnet,random_mc,4.0,97,6,1087,57,256,2,asynchronous
n010_009.bnet,random_mc,5.0,97,6,1087,57,256,2,asynchronous
n010_009.bnet,random_mc,6.0,97,6,1087,57,256,2,asynchronous
n010_009.bnet,random_mc,7.0,97,6,1087,57,256,2,asynchronous
n010_009.bnet,random_mc,8.0,97,6,1087,57,256,2,asynchronous
n010_009.bnet,random_mc,9.0,97,6,1087,57,256,2,asynchronous
n010_009.bnet,random_mc,10.0,97,6,1087,57,256,2,asynchronous
n010_009.bnet,random_mc,11.0,97,6,1087,57,256,2,asynchronous
n010_009.bnet,random_mc,12.0,97,6,1087,57,256,2,asynchronous
n010_009.bnet,random_mc,13.0,97,6,1087,57,256,2,asynchronous
n010_009.bnet,random_mc,14.0,97,6,1087,57,256,2,asynchronous
n010_009.bnet,random_mc,15.0,97,6,1087,57,256,2,asynchronous
n010_009.bnet,random_mc,16.0,97,6,1087,57,256,2,asynchronous
n010_009.bnet,random_mc,17.0,97,6,1087,57,256,2,asynchronous
n010_009.bnet,random_mc,18.0,97,6,1087,57,256,2,asynchronous
n010_009.bnet,random_mc,19.0,97,6,1087,57,256,2,asynchronous
n010_009.bnet,random_mc,20.0,97,6,1087,57,256,2,asynchronous
n010_009.bnet,random_mc,21.0,97,6,1087,57,256,2,asynchronous
n010_009.bnet,random_mc,22.0,97,6,1087,57,256,2,asynchronous
n010_009.bnet,random_mc,23.0,97,6,1087,57,256,2,asynchronous
n010_009.bnet,random_mc,24.0,97,6,1087,57,256,2,asynchronous
n010_009.bnet,random_mc,25.0,97,6,1087,57,256,2,asynchronous
n010_009.bnet,random_mc,26.0,97,6,1087,57,256,2,asynchronous
n010_009.bnet,random_mc,27.0,97,6,1087,57,256,2,asynchronous
n010_009.bnet,random_mc,28.0,97,6,1087,57,256,2,asynchronous
n010_009.bnet,random_mc,29.0,97,6,1087,57,256,2,asynchronous
n010_011.bnet,sd_mc,,392,8,2116,44,512,3,asynchronous
n010_011.bnet,null_mc,,39,75,2049,397,512,3,asynchronous
n010_011.bnet,random_mc,0.0,39,75,2049,397,512,3,asynchronous
n010_011.bnet,random_mc,1.0,39,75,2049,397,512,3,asynchronous
n010_011.bnet,random_mc,2.0,39,75,2049,397,512,3,asynchronous
n010_011.bnet,random_mc,3.0,39,75,2049,397,512,3,asynchronous
n010_011.bnet,random_mc,4.0,39,75,2049,397,512,3,asynchronous
n010_011.bnet,random_mc,5.0,39,75,2049,397,512,3,asynchronous
n010_011.bnet,random_mc,6.0,39,75,2049,397,512,3,asynchronous
n010_011.bnet,random_mc,7.0,39,75,2049,397,512,3,asynchronous
n010_011.bnet,random_mc,8.0,39,75,2049,397,512,3,asynchronous
n010_011.bnet,random_mc,9.0,39,75,2049,397,512,3,asynchronous
n010_011.bnet,random_mc,10.0,39,75,2049,397,512,3,asynchronous
n010_011.bnet,random_mc,11.0,39,75,2049,397,512,3,asynchronous
n010_011.bnet,random_mc,12.0,39,75,2049,397,512,3,asynchronous
n010_011.bnet,random_mc,13.0,39,75,2049,397,512,3,asynchronous
n010_011.bnet,random_mc,14.0,39,75,2049,397,512,3,asynchronous
n010_011.bnet,random_mc,15.0,39,75,2049,397,512,3,asynchronous
n010_011.bnet,random_mc,16.0,39,75,2049,397,512,3,asynchronous
n010_011.bnet,random_mc,17.0,39,75,2049,397,512,3,asynchronous
n010_011.bnet,random_mc,18.0,39,75,2049,397,512,3,asynchronous
n010_011.bnet,random_mc,19.0,39,75,2049,397,512,3,asynchronous
n010_011.bnet,random_mc,20.0,39,75,2049,397,512,3,asynchronous
n010_011.bnet,random_mc,21.0,39,75,2049,397,512,3,asynchronous
n010_011.bnet,random_mc,22.0,39,75,2049,397,512,3,asynchronous
n010_011.bnet,random_mc,23.0,39,75,2049,397,512,3,asynchronous
n010_011.bnet,random_mc,24.0,39,75,2049,397,512,3,asynchronous
n010_011.bnet,random_mc,25.0,39,75,2049,397,512,3,asynchronous
n010_011.bnet,random_mc,26.0,39,75,2049,397,512,3,asynchronous
n010_011.bnet,random_mc,27.0,39,75,2049,397,512,3,asynchronous
n010_011.bnet,random_mc,28.0,39,75,2049,397,512,3,asynchronous
n010_011.bnet,random_mc,29.0,39,75,2049,397,512,3,asynchronous
n010_013.bnet,sd_mc,,5,0,33,0,16,3,asynchronous
n010_013.bnet,null_mc,,2,6,27,3,16,3,asynchronous
n010_013.bnet,random_mc,0.0,2,6,27,3,16,3,asynchronous
n010_013.bnet,random_mc,1.0,2,6,27,3,16,3,asynchronous
n010_013.bnet,random_mc,2.0,2,6,27,3,16,3,asynchronous
n010_013.bnet,random_mc,3.0,2,6,27,3,16,3,asynchronous
n010_013.bnet,random_mc,4.0,2,6,27,3,16,3,asynchronous
n010_013.bnet,random_mc,5.0,2,6,27,3,16,3,asynchronous
n010_013.bnet,random_mc,6.0,2,6,27,3,16,3,asynchronous
n010_013.bnet,random_mc,7.0,2,6,27,3,16,3,asynchronous
n010_013.bnet,random_mc,8.0,2,6,27,3,16,3,asynchronous
n010_013.bnet,random_mc,9.0,2,6,27,3,16,3,asynchronous
n010_013.bnet,random_mc,10.0,2,6,27,3,16,3,asynchronous
n010_013.bnet,random_mc,11.0,2,6,27,3,16,3,asynchronous
n010_013.bnet,random_mc,12.0,3,6,27,2,16,3,asynchronous
n010_013.bnet,random_mc,13.0,2,9,24,3,16,3,asynchronous
n010_013.bnet,random_mc,14.0,2,6,27,3,16,3,asynchronous
n010_013.bnet,random_mc,15.0,2,6,27,3,16,3,asynchronous
n010_013.bnet,random_mc,16.0,2,6,27,3,16,3,asynchronous
n010_013.bnet,random_mc,17.0,2,6,27,3,16,3,asynchronous
n010_013.bnet,random_mc,18.0,2,6,27,3,16,3,asynchronous
n010_013.bnet,random_mc,19.0,2,6,27,3,16,3,asynchronous
n010_013.bnet,random_mc,20.0,2,6,27,3,16,3,asynchronous
n010_013.bnet,random_mc,21.0,2,6,27,3,16,3,asynchronous
n010_013.bnet,random_mc,22.0,2,10,23,3,16,3,asynchronous
n010_013.bnet,random_mc,23.0,2,6,27,3,16,3,asynchronous
n010_013.bnet,random_mc,24.0,2,6,27,3,16,3,asynchronous
n010_013.bnet,random_mc,25.0,2,6,27,3,16,3,asynchronous
n010_013.bnet,random_mc,26.0,2,6,27,3,16,3,asynchronous
n010_013.bnet,random_mc,27.0,2,6,27,3,16,3,asynchronous
n010_013.bnet,random_mc,28.0,2,6,27,3,16,3,asynchronous
n010_013.bnet,random_mc,29.0,2,6,27,3,16,3,asynchronous
n010_015.bnet,sd_mc,,906,22,5172,44,1024,6,asynchronous
n010_015.bnet,null_mc,,41,25,5169,909,1024,6,asynchronous
n010_015.bnet,random_mc,0.0,41,25,5169,909,1024,6,asynchronous
n010_015.bnet,random_mc,1.0,41,25,5169,909,1024,6,asynchronous
n010_015.bnet,random_mc,2.0,41,25,5169,909,1024,6,asynchronous
n010_015.bnet,random_mc,3.0,41,25,5169,909,1024,6,asynchronous
n010_015.bnet,random_mc,4.0,41,25,5169,909,1024,6,asynchronous
n010_015.bnet,random_mc,5.0,41,25,5169,909,1024,6,asynchronous
n010_015.bnet,random_mc,6.0,41,25,5169,909,1024,6,asynchronous
n010_015.bnet,random_mc,7.0,41,25,5169,909,1024,6,asynchronous
n010_015.bnet,random_mc,8.0,41,25,5169,909,1024,6,asynchronous
n010_015.bnet,random_mc,9.0,41,25,5169,909,1024,6,asynchronous
n010_015.bnet,random_mc,10.0,41,25,5169,909,1024,6,asynchronous
n010_015.bnet,random_mc,11.0,41,25,5169,909,1024,6,asynchronous
n010_015.bnet,random_mc,12.0,41,25,5169,909,1024,6,asynchronous
n010_015.bnet,random_mc,13.0,41,25,5169,909,1024,6,asynchronous
n010_015.bnet,random_mc,14.0,41,25,5169,909,1024,6,asynchronous
n010_015.bnet,random_mc,15.0,41,25,5169,909,1024,6,asynchronous
n010_015.bnet,random_mc,16.0,41,25,5169,909,1024,6,asynchronous
n010_015.bnet,random_mc,17.0,41,25,5169,909,1024,6,asynchronous
n010_015.bnet,random_mc,18.0,41,25,5169,909,1024,6,asynchronous
n010_015.bnet,random_mc,19.0,41,25,5169,909,1024,6,asynchronous
n010_015.bnet,random_mc,20.0,41,25,5169,909,1024,6,asynchronous
n010_015.bnet,random_mc,21.0,41,25,5169,909,1024,6,asynchronous
n010_015.bnet,random_mc,22.0,41,25,5169,909,1024,6,asynchronous
n010_015.bnet,random_mc,23.0,41,25,5169,909,1024,6,asynchronous
n010_015.bnet,random_mc,24.0,41,25,5169,909,1024,6,asynchronous
n010_015.bnet,random_mc,25.0,41,25,5169,909,1024,6,asynchronous
n010_015.bnet,random_mc,26.0,41,25,5169,909,1024,6,asynchronous
n010_015.bnet,random_mc,27.0,41,25,5169,909,1024,6,asynchronous
n010_015.bnet,random_mc,28.0,41,25,5169,909,1024,6,asynchronous
n010_015.bnet,random_mc,29.0,41,25,5169,909,1024,6,asynchronous
n010_016.bnet,sd_mc,,312,0,2343,32,512,3,asynchronous
n010_016.bnet,null_mc,,13,12,2331,331,512,3,asynchronous
n010_016.bnet,random_mc,0.0,13,12,2331,331,512,3,asynchronous
n010_016.bnet,random_mc,1.0,13,12,2331,331,512,3,asynchronous
n010_016.bnet,random_mc,2.0,13,12,2331,331,512,3,asynchronous
n010_016.bnet,random_mc,3.0,13,12,2331,331,512,3,asynchronous
n010_016.bnet,random_mc,4.0,13,12,2331,331,512,3,asynchronous
n010_016.bnet,random_mc,5.0,13,12,2331,331,512,3,asynchronous
n010_016.bnet,random_mc,6.0,13,12,2331,331,512,3,asynchronous
n010_016.bnet,random_mc,7.0,13,12,2331,331,512,3,asynchronous
n010_016.bnet,random_mc,8.0,13,12,2331,331,512,3,asynchronous
n010_016.bnet,random_mc,9.0,13,12,2331,331,512,3,asynchronous
n010_016.bnet,random_mc,10.0,13,12,2331,331,512,3,asynchronous
n010_016.bnet,random_mc,11.0,13,12,2331,331,512,3,asynchronous
n010_016.bnet,random_mc,12.0,13,12,2331,331,512,3,asynchronous
n010_016.bnet,random_mc,13.0,13,12,2331,331,512,3,asynchronous
n010_016.bnet,random_mc,14.0,13,12,2331,331,512,3,asynchronous
n010_016.bnet,random_mc,15.0,13,12,2331,331,512,3,asynchronous
n010_016.bnet,random_mc,16.0,13,12,2331,331,512,3,asynchronous
n010_016.bnet,random_mc,17.0,13,12,2331,331,512,3,asynchronous
n010_016.bnet,random_mc,18.0,13,12,2331,331,512,3,asynchronous
n010_016.bnet,random_mc,19.0,13,12,2331,331,512,3,asynchronous
n010_016.bnet,random_mc,20.0,13,12,2331,331,512,3,asynchronous
n010_016.bnet,random_mc,21.0,13,12,2331,331,512,3,asynchronous
n010_016.bnet,random_mc,22.0,13,12,2331,331,512,3,asynchronous
n010_016.bnet,random_mc,23.0,13,12,2331,331,512,3,asynchronous
n010_016.bnet,random_mc,24.0,13,12,2331,331,512,3,asynchronous
n010_016.bnet,random_mc,25.0,13,12,2331,331,512,3,asynchronous
n010_016.bnet,random_mc,26.0,13,12,2331,331,512,3,asynchronous
n010_016.bnet,random_mc,27.0,13,12,2331,331,512,3,asynchronous
n010_016.bnet,random_mc,28.0,13,12,2331,331,512,3,asynchronous
n010_016.bnet,random_mc,29.0,13,12,2331,331,512,3,asynchronous
n010_018.bnet,sd_mc,,24,0,600,0,128,2,asynchronous
n010_018.bnet,null_mc,,24,0,600,0,128,2,asynchronous
n010_018.bnet,random_mc,0.0,24,0,600,0,128,2,asynchronous
n010_018.bnet,random_mc,1.0,24,0,600,0,128,2,asynchronous
n010_018.bnet,random_mc,2.0,24,0,600,0,128,2,asynchronous
n010_018.bnet,random_mc,3.0,24,0,600,0,128,2,asynchronous
n010_018.bnet,random_mc,4.0,24,0,600,0,128,2,asynchronous
n010_018.bnet,random_mc,5.0,24,0,600,0,128,2,asynchronous
n010_018.bnet,random_mc,6.0,24,0,600,0,128,2,asynchronous
n010_018.bnet,random_mc,7.0,24,0,600,0,128,2,asynchronous
n010_018.bnet,random_mc,8.0,24,0,600,0,128,2,asynchronous
n010_018.bnet,random_mc,9.0,24,0,600,0,128,2,asynchronous
n010_018.bnet,random_mc,10.0,24,0,600,0,128,2,asynchronous
n010_018.bnet,random_mc,11.0,24,0,600,0,128,2,asynchronous
n010_018.bnet,random_mc,12.0,24,0,600,0,128,2,asynchronous
n010_018.bnet,random_mc,13.0,24,0,600,0,128,2,asynchronous
n010_018.bnet,random_mc,14.0,24,0,600,0,128,2,asynchronous
n010_018.bnet,random_mc,15.0,24,0,600,0,128,2,asynchronous
n010_018.bnet,random_mc,16.0,24,0,600,0,128,2,asynchronous
n010_018.bnet,random_mc,17.0,24,0,600,0,128,2,asynchronous
n010_018.bnet,random_mc,18.0,24,0,600,0,128,2,asynchronous
n010_018.bnet,random_mc,19.0,24,0,600,0,128,2,asynchronous
n010_018.bnet,random_mc,20.0,24,0,600,0,128,2,asynchronous
n010_018.bnet,random_mc,21.0,24,0,600,0,128,2,asynchronous
n010_018.bnet,random_mc,22.0,24,0,600,0,128,2,asynchronous
n010_018.bnet,random_mc,23.0,24,0,600,0,128,2,asynchronous
n010_018.bnet,random_mc,24.0,24,0,600,0,128,2,asynchronous
n010_018.bnet,random_mc,25.0,24,0,600,0,128,2,asynchronous
n010_018.bnet,random_mc,26.0,24,0,600,0,128,2,asynchronous
n010_018.bnet,random_mc,27.0,24,0,600,0,128,2,asynchronous
n010_018.bnet,random_mc,28.0,24,0,600,0,128,2,asynchronous
n010_018.bnet,random_mc,29.0,24,0,600,0,128,2,asynchronous
n010_023.bnet,sd_mc,,96,128,2399,64,512,2,asynchronous
n010_023.bnet,null_mc,,4,12,2515,156,512,2,asynchronous
n010_023.bnet,random_mc,0.0,4,12,2515,156,512,2,asynchronous
n010_023.bnet,random_mc,1.0,4,12,2515,156,512,2,asynchronous
n010_023.bnet,random_mc,2.0,4,12,2515,156,512,2,asynchronous
n010_023.bnet,random_mc,3.0,4,12,2515,156,512,2,asynchronous
n010_023.bnet,random_mc,4.0,4,12,2515,156,512,2,asynchronous
n010_023.bnet,random_mc,5.0,4,12,2515,156,512,2,asynchronous
n010_023.bnet,random_mc,6.0,4,12,2515,156,512,2,asynchronous
n010_023.bnet,random_mc,7.0,4,12,2515,156,512,2,asynchronous
n010_023.bnet,random_mc,8.0,4,12,2515,156,512,2,asynchronous
n010_023.bnet,random_mc,9.0,4,12,2515,156,512,2,asynchronous
n010_023.bnet,random_mc,10.0,4,12,2515,156,512,2,asynchronous
n010_023.bnet,random_mc,11.0,4,12,2515,156,512,2,asynchronous
n010_023.bnet,random_mc,12.0,4,12,2515,156,512,2,asynchronous
n010_023.bnet,random_mc,13.0,4,12,2515,156,512,2,asynchronous
n010_023.bnet,random_mc,14.0,4,12,2515,156,512,2,asynchronous
n010_023.bnet,random_mc,15.0,4,12,2515,156,512,2,asynchronous
n010_023.bnet,random_mc,16.0,4,12,2515,156,512,2,asynchronous
n010_023.bnet,random_mc,17.0,4,12,2515,156,512,2,asynchronous
n010_023.bnet,random_mc,18.0,4,12,2515,156,512,2,asynchronous
n010_023.bnet,random_mc,19.0,4,12,2515,156,512,2,asynchronous
n010_023.bnet,random_mc,20.0,4,12,2515,156,512,2,asynchronous
n010_023.bnet,random_mc,21.0,4,12,2515,156,512,2,asynchronous
n010_023.bnet,random_mc,22.0,4,12,2515,156,512,2,asynchronous
n010_023.bnet,random_mc,23.0,4,12,2515,156,512,2,asynchronous
n010_023.bnet,random_mc,24.0,4,12,2515,156,512,2,asynchronous
n010_023.bnet,random_mc,25.0,4,12,2515,156,512,2,asynchronous
n010_023.bnet,random_mc,26.0,4,12,2515,156,512,2,asynchronous
n010_023.bnet,random_mc,27.0,4,12,2515,156,512,2,asynchronous
n010_023.bnet,random_mc,28.0,4,12,2515,156,512,2,asynchronous
n010_023.bnet,random_mc,29.0,4,12,2515,156,512,2,asynchronous
n010_024.bnet,sd_mc,,348,79,1935,134,512,4,asynchronous
n010_024.bnet,null_mc,,11,33,1981,471,512,4,asynchronous
n010_024.bnet,random_mc,0.0,11,33,1981,471,512,4,asynchronous
n010_024.bnet,random_mc,1.0,11,33,1981,471,512,4,asynchronous
n010_024.bnet,random_mc,2.0,11,33,1981,471,512,4,asynchronous
n010_024.bnet,random_mc,3.0,11,33,1981,471,512,4,asynchronous
n010_024.bnet,random_mc,4.0,11,33,1981,471,512,4,asynchronous
n010_024.bnet,random_mc,5.0,11,33,1981,471,512,4,asynchronous
n010_024.bnet,random_mc,6.0,11,33,1981,471,512,4,asynchronous
n010_024.bnet,random_mc,7.0,11,33,1981,471,512,4,asynchronous
n010_024.bnet,random_mc,8.0,11,33,1981,471,512,4,asynchronous
n010_024.bnet,random_mc,9.0,11,33,1981,471,512,4,asynchronous
n010_024.bnet,random_mc,10.0,11,33,1981,471,512,4,asynchronous
n010_024.bnet,random_mc,11.0,11,33,1981,471,512,4,asynchronous
n010_024.bnet,random_mc,12.0,11,33,1981,471,512,4,asynchronous
n010_024.bnet,random_mc,13.0,11,33,1981,471,512,4,asynchronous
n010_024.bnet,random_mc,14.0,11,33,1981,471,512,4,asynchronous
n010_024.bnet,random_mc,15.0,11,33,1981,471,512,4,asynchronous
n010_024.bnet,random_mc,16.0,11,33,1981,471,512,4,asynchronous
n010_024.bnet,random_mc,17.0,11,33,1981,471,512,4,asynchronous
n010_024.bnet,random_mc,18.0,11,33,1981,471,512,4,asynchronous
n010_024.bnet,random_mc,19.0,11,33,1981,471,512,4,asynchronous
n010_024.bnet,random_mc,20.0,11,33,1981,471,512,4,asynchronous
n010_024.bnet,random_mc,21.0,11,33,1981,471,512,4,asynchronous
n010_024.bnet,random_mc,22.0,11,33,1981,471,512,4,asynchronous
n010_024.bnet,random_mc,23.0,11,33,1981,471,512,4,asynchronous
n010_024.bnet,random_mc,24.0,11,33,1981,471,512,4,asynchronous
n010_024.bnet,random_mc,25.0,11,33,1981,471,512,4,asynchronous
n010_024.bnet,random_mc,26.0,11,33,1981,471,512,4,asynchronous
n010_024.bnet,random_mc,27.0,11,33,1981,471,512,4,asynchronous
n010_024.bnet,random_mc,28.0,11,33,1981,471,512,4,asynchronous
n010_024.bnet,random_mc,29.0,11,33,1981,471,512,4,asynchronous
n010_026.bnet,sd_mc,,0,0,2,0,2,2,asynchronous
n010_026.bnet,null_mc,,0,0,2,0,2,2,asynchronous
n010_026.bnet,random_mc,0.0,0,0,2,0,2,2,asynchronous
n010_026.bnet,random_mc,1.0,0,0,2,0,2,2,asynchronous
n010_026.bnet,random_mc,2.0,0,0,2,0,2,2,asynchronous
n010_026.bnet,random_mc,3.0,0,0,2,0,2,2,asynchronous
n010_026.bnet,random_mc,4.0,0,0,2,0,2,2,asynchronous
n010_026.bnet,random_mc,5.0,0,0,2,0,2,2,asynchronous
n010_026.bnet,random_mc,6.0,0,0,2,0,2,2,asynchronous
n010_026.bnet,random_mc,7.0,0,0,2,0,2,2,asynchronous
n010_026.bnet,random_mc,8.0,0,0,2,0,2,2,asynchronous
n010_026.bnet,random_mc,9.0,0,0,2,0,2,2,asynchronous
n010_026.bnet,random_mc,10.0,0,0,2,0,2,2,asynchronous
n010_026.bnet,random_mc,11.0,0,0,2,0,2,2,asynchronous
n010_026.bnet,random_mc,12.0,0,0,2,0,2,2,asynchronous
n010_026.bnet,random_mc,13.0,0,0,2,0,2,2,asynchronous
n010_026.bnet,random_mc,14.0,0,0,2,0,2,2,asynchronous
n010_026.bnet,random_mc,15.0,0,0,2,0,2,2,asynchronous
n010_026.bnet,random_mc,16.0,0,0,2,0,2,2,asynchronous
n010_026.bnet,random_mc,17.0,0,0,2,0,2,2,asynchronous
n010_026.bnet,random_mc,18.0,0,0,2,0,2,2,asynchronous
n010_026.bnet,random_mc,19.0,0,0,2,0,2,2,asynchronous
n010_026.bnet,random_mc,20.0,0,0,2,0,2,2,asynchronous
n010_026.bnet,random_mc,21.0,0,0,2,0,2,2,asynchronous
n010_026.bnet,random_mc,22.0,0,0,2,0,2,2,asynchronous
n010_026.bnet,random_mc,23.0,0,0,2,0,2,2,asynchronous
n010_026.bnet,random_mc,24.0,0,0,2,0,2,2,asynchronous
n010_026.bnet,random_mc,25.0,0,0,2,0,2,2,asynchronous
n010_026.bnet,random_mc,26.0,0,0,2,0,2,2,asynchronous
n010_026.bnet,random_mc,27.0,0,0,2,0,2,2,asynchronous
n010_026.bnet,random_mc,28.0,0,0,2,0,2,2,asynchronous
n010_026.bnet,random_mc,29.0,0,0,2,0,2,2,asynchronous
n010_029.bnet,sd_mc,,29,1,541,5,128,2,asynchronous
n010_029.bnet,null_mc,,8,4,538,26,128,2,asynchronous
n010_029.bnet,random_mc,0.0,8,4,538,26,128,2,asynchronous
n010_029.bnet,random_mc,1.0,8,4,538,26,128,2,asynchronous
n010_029.bnet,random_mc,2.0,8,4,538,26,128,2,asynchronous
n010_029.bnet,random_mc,3.0,8,4,538,26,128,2,asynchronous
n010_029.bnet,random_mc,4.0,8,4,538,26,128,2,asynchronous
n010_029.bnet,random_mc,5.0,8,4,538,26,128,2,asynchronous
n010_029.bnet,random_mc,6.0,8,4,538,26,128,2,asynchronous
n010_029.bnet,random_mc,7.0,8,4,538,26,128,2,asynchronous
n010_029.bnet,random_mc,8.0,8,4,538,26,128,2,asynchronous
n010_029.bnet,random_mc,9.0,8,4,538,26,128,2,asynchronous
n010_029.bnet,random_mc,10.0,8,4,538,26,128,2,asynchronous
n010_029.bnet,random_mc,11.0,8,4,538,26,128,2,asynchronous
n010_029.bnet,random_mc,12.0,8,4,538,26,128,2,asynchronous
n010_029.bnet,random_mc,13.0,8,4,538,26,128,2,asynchronous
n010_029.bnet,random_mc,14.0,8,4,538,26,128,2,asynchronous
n010_029.bnet,random_mc,15.0,8,4,538,26,128,2,asynchronous
n010_029.bnet,random_mc,16.0,8,4,538,26,128,2,asynchronous
n010_029.bnet,random_mc,17.0,8,4,538,26,128,2,asynchronous
n010_029.bnet,random_mc,18.0,8,4,538,26,128,2,asynchronous
n010_029.bnet,random_mc,19.0,8,4,538,26,128,2,asynchronous
n010_029.bnet,random_mc,20.0,8,4,538,26,128,2,asynchronous
n010_029.bnet,random_mc,21.0,8,4,538,26,128,2,asynchronous
n010_029.bnet,random_mc,22.0,8,4,538,26,128,2,asynchronous
n010_029.bnet,random_mc,23.0,8,4,538,26,128,2,asynchronous
n010_029.bnet,random_mc,24.0,8,4,538,26,128,2,asynchronous
n010_029.bnet,random_mc,25.0,8,4,538,26,128,2,asynchronous
n010_029.bnet,random_mc,26.0,8,4,538,26,128,2,asynchronous
n010_029.bnet,random_mc,27.0,8,4,538,26,128,2,asynchronous
n010_029.bnet,random_mc,28.0,8,4,538,26,128,2,asynchronous
n010_029.bnet,random_mc,29.0,8,4,538,26,128,2,asynchronous
n010_032.bnet,sd_mc,,0,0,40,0,16,2,asynchronous
n010_032.bnet,null_mc,,0,6,34,0,16,2,asynchronous
n010_032.bnet,random_mc,0.0,0,6,34,0,16,2,asynchronous
n010_032.bnet,random_mc,1.0,0,6,34,0,16,2,asynchronous
n010_032.bnet,random_mc,2.0,0,6,34,0,16,2,asynchronous
n010_032.bnet,random_mc,3.0,0,6,34,0,16,2,asynchronous
n010_032.bnet,random_mc,4.0,0,6,34,0,16,2,asynchronous
n010_032.bnet,random_mc,5.0,0,6,34,0,16,2,asynchronous
n010_032.bnet,random_mc,6.0,0,6,34,0,16,2,asynchronous
n010_032.bnet,random_mc,7.0,0,6,34,0,16,2,asynchronous
n010_032.bnet,random_mc,8.0,0,6,34,0,16,2,asynchronous
n010_032.bnet,random_mc,9.0,0,6,34,0,16,2,asynchronous
n010_032.bnet,random_mc,10.0,0,6,34,0,16,2,asynchronous
n010_032.bnet,random_mc,11.0,0,6,34,0,16,2,asynchronous
n010_032.bnet,random_mc,12.0,0,6,34,0,16,2,asynchronous
n010_032.bnet,random_mc,13.0,0,6,34,0,16,2,asynchronous
n010_032.bnet,random_mc,14.0,0,6,34,0,16,2,asynchronous
n010_032.bnet,random_mc,15.0,0,6,34,0,16,2,asynchronous
n010_032.bnet,random_mc,16.0,0,6,34,0,16,2,asynchronous
n010_032.bnet,random_mc,17.0,0,6,34,0,16,2,asynchronous
n010_032.bnet,random_mc,18.0,0,6,34,0,16,2,asynchronous
n010_032.bnet,random_mc,19.0,0,6,34,0,16,2,asynchronous
n010_032.bnet,random_mc,20.0,0,6,34,0,16,2,asynchronous
n010_032.bnet,random_mc,21.0,0,6,34,0,16,2,asynchronous
n010_032.bnet,random_mc,22.0,0,6,34,0,16,2,asynchronous
n010_032.bnet,random_mc,23.0,0,6,34,0,16,2,asynchronous
n010_032.bnet,random_mc,24.0,0,6,34,0,16,2,asynchronous
n010_032.bnet,random_mc,25.0,0,6,34,0,16,2,asynchronous
n010_032.bnet,random_mc,26.0,0,6,34,0,16,2,asynchronous
n010_032.bnet,random_mc,27.0,0,6,34,0,16,2,asynchronous
n010_032.bnet,random_mc,28.0,0,6,34,0,16,2,asynchronous
n010_032.bnet,random_mc,29.0,0,6,34,0,16,2,asynchronous
n010_033.bnet,sd_mc,,0,0,20,0,8,2,asynchronous
n010_033.bnet,null_mc,,0,4,16,0,8,2,asynchronous
n010_033.bnet,random_mc,0.0,0,4,16,0,8,2,asynchronous
n010_033.bnet,random_mc,1.0,0,4,16,0,8,2,asynchronous
n010_033.bnet,random_mc,2.0,0,4,16,0,8,2,asynchronous
n010_033.bnet,random_mc,3.0,0,4,16,0,8,2,asynchronous
n010_033.bnet,random_mc,4.0,0,0,20,0,8,2,asynchronous
n010_033.bnet,random_mc,5.0,0,4,16,0,8,2,asynchronous
n010_033.bnet,random_mc,6.0,0,4,16,0,8,2,asynchronous
n010_033.bnet,random_mc,7.0,0,0,20,0,8,2,asynchronous
n010_033.bnet,random_mc,8.0,0,4,16,0,8,2,asynchronous
n010_033.bnet,random_mc,9.0,0,4,16,0,8,2,asynchronous
n010_033.bnet,random_mc,10.0,0,4,16,0,8,2,asynchronous
n010_033.bnet,random_mc,11.0,0,4,16,0,8,2,asynchronous
n010_033.bnet,random_mc,12.0,0,4,16,0,8,2,asynchronous
n010_033.bnet,random_mc,13.0,0,4,16,0,8,2,asynchronous
n010_033.bnet,random_mc,14.0,0,4,16,0,8,2,asynchronous
n010_033.bnet,random_mc,15.0,0,4,16,0,8,2,asynchronous
n010_033.bnet,random_mc,16.0,0,0,20,0,8,2,asynchronous
n010_033.bnet,random_mc,17.0,0,4,16,0,8,2,asynchronous
n010_033.bnet,random_mc,18.0,0,4,16,0,8,2,asynchronous
n010_033.bnet,random_mc,19.0,0,4,16,0,8,2,asynchronous
n010_033.bnet,random_mc,20.0,0,0,20,0,8,2,asynchronous
n010_033.bnet,random_mc,21.0,0,4,16,0,8,2,asynchronous
n010_033.bnet,random_mc,22.0,0,4,16,0,8,2,asynchronous
n010_033.bnet,random_mc,23.0,0,4,16,0,8,2,asynchronous
n010_033.bnet,random_mc,24.0,0,4,16,0,8,2,asynchronous
n010_033.bnet,random_mc,25.0,0,4,16,0,8,2,asynchronous
n010_033.bnet,random_mc,26.0,0,4,16,0,8,2,asynchronous
n010_033.bnet,random_mc,27.0,0,4,16,0,8,2,asynchronous
n010_033.bnet,random_mc,28.0,0,4,16,0,8,2,asynchronous
n010_033.bnet,random_mc,29.0,0,4,16,0,8,2,asynchronous
n010_034.bnet,sd_mc,,0,0,2,0,2,2,asynchronous
n010_034.bnet,null_mc,,0,0,2,0,2,2,asynchronous
n010_034.bnet,random_mc,0.0,0,0,2,0,2,2,asynchronous
n010_034.bnet,random_mc,1.0,0,0,2,0,2,2,asynchronous
n010_034.bnet,random_mc,2.0,0,0,2,0,2,2,asynchronous
n010_034.bnet,random_mc,3.0,0,0,2,0,2,2,asynchronous
n010_034.bnet,random_mc,4.0,0,0,2,0,2,2,asynchronous
n010_034.bnet,random_mc,5.0,0,0,2,0,2,2,asynchronous
n010_034.bnet,random_mc,6.0,0,0,2,0,2,2,asynchronous
n010_034.bnet,random_mc,7.0,0,0,2,0,2,2,asynchronous
n010_034.bnet,random_mc,8.0,0,0,2,0,2,2,asynchronous
n010_034.bnet,random_mc,9.0,0,0,2,0,2,2,asynchronous
n010_034.bnet,random_mc,10.0,0,0,2,0,2,2,asynchronous
n010_034.bnet,random_mc,11.0,0,0,2,0,2,2,asynchronous
n010_034.bnet,random_mc,12.0,0,0,2,0,2,2,asynchronous
n010_034.bnet,random_mc,13.0,0,0,2,0,2,2,asynchronous
n010_034.bnet,random_mc,14.0,0,0,2,0,2,2,asynchronous
n010_034.bnet,random_mc,15.0,0,0,2,0,2,2,asynchronous
n010_034.bnet,random_mc,16.0,0,0,2,0,2,2,asynchronous
n010_034.bnet,random_mc,17.0,0,0,2,0,2,2,asynchronous
n010_034.bnet,random_mc,18.0,0,0,2,0,2,2,asynchronous
n010_034.bnet,random_mc,19.0,0,0,2,0,2,2,asynchronous
n010_034.bnet,random_mc,20.0,0,0,2,0,2,2,asynchronous
n010_034.bnet,random_mc,21.0,0,0,2,0,2,2,asynchronous
n010_034.bnet,random_mc,22.0,0,0,2,0,2,2,asynchronous
n010_034.bnet,random_mc,23.0,0,0,2,0,2,2,asynchronous
n010_034.bnet,random_mc,24.0,0,0,2,0,2,2,asynchronous
n010_034.bnet,random_mc,25.0,0,0,2,0,2,2,asynchronous
n010_034.bnet,random_mc,26.0,0,0,2,0,2,2,asynchronous
n010_034.bnet,random_mc,27.0,0,0,2,0,2,2,asynchronous
n010_034.bnet,random_mc,28.0,0,0,2,0,2,2,asynchronous
n010_034.bnet,random_mc,29.0,0,0,2,0,2,2,asynchronous
n010_035.bnet,sd_mc,,0,0,96,0,32,4,asynchronous
n010_035.bnet,null_mc,,0,12,84,0,32,4,asynchronous
n010_035.bnet,random_mc,0.0,0,12,84,0,32,4,asynchronous
n010_035.bnet,random_mc,1.0,0,12,84,0,32,4,asynchronous
n010_035.bnet,random_mc,2.0,0,12,84,0,32,4,asynchronous
n010_035.bnet,random_mc,3.0,0,12,84,0,32,4,asynchronous
n010_035.bnet,random_mc,4.0,0,12,84,0,32,4,asynchronous
n010_035.bnet,random_mc,5.0,0,12,84,0,32,4,asynchronous
n010_035.bnet,random_mc,6.0,0,12,84,0,32,4,asynchronous
n010_035.bnet,random_mc,7.0,0,12,84,0,32,4,asynchronous
n010_035.bnet,random_mc,8.0,0,12,84,0,32,4,asynchronous
n010_035.bnet,random_mc,9.0,0,12,84,0,32,4,asynchronous
n010_035.bnet,random_mc,10.0,0,12,84,0,32,4,asynchronous
n010_035.bnet,random_mc,11.0,0,12,84,0,32,4,asynchronous
n010_035.bnet,random_mc,12.0,0,12,84,0,32,4,asynchronous
n010_035.bnet,random_mc,13.0,0,12,84,0,32,4,asynchronous
n010_035.bnet,random_mc,14.0,0,12,84,0,32,4,asynchronous
n010_035.bnet,random_mc,15.0,0,12,84,0,32,4,asynchronous
n010_035.bnet,random_mc,16.0,0,12,84,0,32,4,asynchronous
n010_035.bnet,random_mc,17.0,0,12,84,0,32,4,asynchronous
n010_035.bnet,random_mc,18.0,0,12,84,0,32,4,asynchronous
n010_035.bnet,random_mc,19.0,0,12,84,0,32,4,asynchronous
n010_035.bnet,random_mc,20.0,0,12,84,0,32,4,asynchronous
n010_035.bnet,random_mc,21.0,0,12,84,0,32,4,asynchronous
n010_035.bnet,random_mc,22.0,0,12,84,0,32,4,asynchronous
n010_035.bnet,random_mc,23.0,0,12,84,0,32,4,asynchronous
n010_035.bnet,random_mc,24.0,0,12,84,0,32,4,asynchronous
n010_035.bnet,random_mc,25.0,0,12,84,0,32,4,asynchronous
n010_035.bnet,random_mc,26.0,0,12,84,0,32,4,asynchronous
n010_035.bnet,random_mc,27.0,0,12,84,0,32,4,asynchronous
n010_035.bnet,random_mc,28.0,0,12,84,0,32,4,asynchronous
n010_035.bnet,random_mc,29.0,0,12,84,0,32,4,asynchronous
n010_036.bnet,sd_mc,,52,0,180,0,64,4,asynchronous
n010_036.bnet,null_mc,,5,13,167,47,64,4,asynchronous
n010_036.bnet,random_mc,0.0,5,13,167,47,64,4,asynchronous
n010_036.bnet,random_mc,1.0,5,13,167,47,64,4,asynchronous
n010_036.bnet,random_mc,2.0,5,13,167,47,64,4,asynchronous
n010_036.bnet,random_mc,3.0,5,13,167,47,64,4,asynchronous
n010_036.bnet,random_mc,4.0,5,13,167,47,64,4,asynchronous
n010_036.bnet,random_mc,5.0,5,13,167,47,64,4,asynchronous
n010_036.bnet,random_mc,6.0,5,13,167,47,64,4,asynchronous
n010_036.bnet,random_mc,7.0,5,13,167,47,64,4,asynchronous
n010_036.bnet,random_mc,8.0,5,13,167,47,64,4,asynchronous
n010_036.bnet,random_mc,9.0,5,13,167,47,64,4,asynchronous
n010_036.bnet,random_mc,10.0,5,13,167,47,64,4,asynchronous
n010_036.bnet,random_mc,11.0,6,13,167,46,64,4,asynchronous
n010_036.bnet,random_mc,12.0,5,13,167,47,64,4,asynchronous
n010_036.bnet,random_mc,13.0,5,13,167,47,64,4,asynchronous
n010_036.bnet,random_mc,14.0,5,13,167,47,64,4,asynchronous
n010_036.bnet,random_mc,15.0,5,13,167,47,64,4,asynchronous
n010_036.bnet,random_mc,16.0,5,13,167,47,64,4,asynchronous
n010_036.bnet,random_mc,17.0,5,13,167,47,64,4,asynchronous
n010_036.bnet,random_mc,18.0,5,13,167,47,64,4,asynchronous
n010_036.bnet,random_mc,19.0,7,14,166,45,64,4,asynchronous
n010_036.bnet,random_mc,20.0,5,13,167,47,64,4,asynchronous
n010_036.bnet,random_mc,21.0,5,13,167,47,64,4,asynchronous
n010_036.bnet,random_mc,22.0,5,13,167,47,64,4,asynchronous
n010_036.bnet,random_mc,23.0,5,13,167,47,64,4,asynchronous
n010_036.bnet,random_mc,24.0,5,13,167,47,64,4,asynchronous
n010_036.bnet,random_mc,25.0,5,13,167,47,64,4,asynchronous
n010_036.bnet,random_mc,26.0,5,13,167,47,64,4,asynchronous
n010_036.bnet,random_mc,27.0,5,13,167,47,64,4,asynchronous
n010_036.bnet,random_mc,28.0,5,13,167,47,64,4,asynchronous
n010_036.bnet,random_mc,29.0,5,13,167,47,64,4,asynchronous
n010_040.bnet,sd_mc,,0,0,4,0,4,4,asynchronous
n010_040.bnet,null_mc,,0,0,4,0,4,4,asynchronous
n010_040.bnet,random_mc,0.0,0,0,4,0,4,4,asynchronous
n010_040.bnet,random_mc,1.0,0,0,4,0,4,4,asynchronous
n010_040.bnet,random_mc,2.0,0,0,4,0,4,4,asynchronous
n010_040.bnet,random_mc,3.0,0,0,4,0,4,4,asynchronous
n010_040.bnet,random_mc,4.0,0,0,4,0,4,4,asynchronous
n010_040.bnet,random_mc,5.0,0,0,4,0,4,4,asynchronous
n010_040.bnet,random_mc,6.0,0,0,4,0,4,4,asynchronous
n010_040.bnet,random_mc,7.0,0,0,4,0,4,4,asynchronous
n010_040.bnet,random_mc,8.0,0,0,4,0,4,4,asynchronous
n010_040.bnet,random_mc,9.0,0,0,4,0,4,4,asynchronous
n010_040.bnet,random_mc,10.0,0,0,4,0,4,4,asynchronous
n010_040.bnet,random_mc,11.0,0,0,4,0,4,4,asynchronous
n010_040.bnet,random_mc,12.0,0,0,4,0,4,4,asynchronous
n010_040.bnet,random_mc,13.0,0,0,4,0,4,4,asynchronous
n010_040.bnet,random_mc,14.0,0,0,4,0,4,4,asynchronous
n010_040.bnet,random_mc,15.0,0,0,4,0,4,4,asynchronous
n010_040.bnet,random_mc,16.0,0,0,4,0,4,4,asynchronous
n010_040.bnet,random_mc,17.0,0,0,4,0,4,4,asynchronous
n010_040.bnet,random_mc,18.0,0,0,4,0,4,4,asynchronous
n010_040.bnet,random_mc,19.0,0,0,4,0,4,4,asynchronous
n010_040.bnet,random_mc,20.0,0,0,4,0,4,4,asynchronous
n010_040.bnet,random_mc,21.0,0,0,4,0,4,4,asynchronous
n010_040.bnet,random_mc,22.0,0,0,4,0,4,4,asynchronous
n010_040.bnet,random_mc,23.0,0,0,4,0,4,4,asynchronous
n010_040.bnet,random_mc,24.0,0,0,4,0,4,4,asynchronous
n010_040.bnet,random_mc,25.0,0,0,4,0,4,4,asynchronous
n010_040.bnet,random_mc,26.0,0,0,4,0,4,4,asynchronous
n010_040.bnet,random_mc,27.0,0,0,4,0,4,4,asynchronous
n010_040.bnet,random_mc,28.0,0,0,4,0,4,4,asynchronous
n010_040.bnet,random_mc,29.0,0,0,4,0,4,4,asynchronous
n010_043.bnet,sd_mc,,0,0,1184,0,256,2,asynchronous
n010_043.bnet,null_mc,,0,71,1113,0,256,2,asynchronous
n010_043.bnet,random_mc,0.0,0,71,1113,0,256,2,asynchronous
n010_043.bnet,random_mc,1.0,0,71,1113,0,256,2,asynchronous
n010_043.bnet,random_mc,2.0,0,71,1113,0,256,2,asynchronous
n010_043.bnet,random_mc,3.0,0,71,1113,0,256,2,asynchronous
n010_043.bnet,random_mc,4.0,0,71,1113,0,256,2,asynchronous
n010_043.bnet,random_mc,5.0,0,71,1113,0,256,2,asynchronous
n010_043.bnet,random_mc,6.0,0,71,1113,0,256,2,asynchronous
n010_043.bnet,random_mc,7.0,0,71,1113,0,256,2,asynchronous
n010_043.bnet,random_mc,8.0,0,71,1113,0,256,2,asynchronous
n010_043.bnet,random_mc,9.0,0,71,1113,0,256,2,asynchronous
n010_043.bnet,random_mc,10.0,0,71,1113,0,256,2,asynchronous
n010_043.bnet,random_mc,11.0,0,71,1113,0,256,2,asynchronous
n010_043.bnet,random_mc,12.0,0,71,1113,0,256,2,asynchronous
n010_043.bnet,random_mc,13.0,0,71,1113,0,256,2,asynchronous
n010_043.bnet,random_mc,14.0,0,71,1113,0,256,2,asynchronous
n010_043.bnet,random_mc,15.0,0,71,1113,0,256,2,asynchronous
n010_043.bnet,random_mc,16.0,0,71,1113,0,256,2,asynchronous
n010_043.bnet,random_mc,17.0,0,71,1113,0,256,2,asynchronous
n010_043.bnet,random_mc,18.0,0,71,1113,0,256,2,asynchronous
n010_043.bnet,random_mc,19.0,0,71,1113,0,256,2,asynchronous
n010_043.bnet,random_mc,20.0,0,71,1113,0,256,2,asynchronous
n010_043.bnet,random_mc,21.0,0,71,1113,0,256,2,asynchronous
n010_043.bnet,random_mc,22.0,0,71,1113,0,256,2,asynchronous
n010_043.bnet,random_mc,23.0,0,71,1113,0,256,2,asynchronous
n010_043.bnet,random_mc,24.0,0,71,1113,0,256,2,asynchronous
n010_043.bnet,random_mc,25.0,0,71,1113,0,256,2,asynchronous
n010_043.bnet,random_mc,26.0,0,71,1113,0,256,2,asynchronous
n010_043.bnet,random_mc,27.0,0,71,1113,0,256,2,asynchronous
n010_043.bnet,random_mc,28.0,0,71,1113,0,256,2,asynchronous
n010_043.bnet,random_mc,29.0,0,71,1113,0,256,2,asynchronous
n010_048.bnet,sd_mc,,168,0,2456,0,512,2,asynchronous
n010_048.bnet,null_mc,,6,11,2445,162,512,2,asynchronous
n010_048.bnet,random_mc,0.0,6,11,2445,162,512,2,asynchronous
n010_048.bnet,random_mc,1.0,6,11,2445,162,512,2,asynchronous
n010_048.bnet,random_mc,2.0,6,11,2445,162,512,2,asynchronous
n010_048.bnet,random_mc,3.0,6,11,2445,162,512,2,asynchronous
n010_048.bnet,random_mc,4.0,6,11,2445,162,512,2,asynchronous
n010_048.bnet,random_mc,5.0,6,11,2445,162,512,2,asynchronous
n010_048.bnet,random_mc,6.0,6,11,2445,162,512,2,asynchronous
n010_048.bnet,random_mc,7.0,6,11,2445,162,512,2,asynchronous
n010_048.bnet,random_mc,8.0,6,11,2445,162,512,2,asynchronous
n010_048.bnet,random_mc,9.0,6,11,2445,162,512,2,asynchronous
n010_048.bnet,random_mc,10.0,6,11,2445,162,512,2,asynchronous
n010_048.bnet,random_mc,11.0,6,11,2445,162,512,2,asynchronous
n010_048.bnet,random_mc,12.0,6,11,2445,162,512,2,asynchronous
n010_048.bnet,random_mc,13.0,6,11,2445,162,512,2,asynchronous
n010_048.bnet,random_mc,14.0,6,11,2445,162,512,2,asynchronous
n010_048.bnet,random_mc,15.0,6,11,2445,162,512,2,asynchronous
n010_048.bnet,random_mc,16.0,6,11,2445,162,512,2,asynchronous
n010_048.bnet,random_mc,17.0,6,11,2445,162,512,2,asynchronous
n010_048.bnet,random_mc,18.0,6,11,2445,162,512,2,asynchronous
n010_048.bnet,random_mc,19.0,6,11,2445,162,512,2,asynchronous
n010_048.bnet,random_mc,20.0,6,11,2445,162,512,2,asynchronous
n010_048.bnet,random_mc,21.0,6,11,2445,162,512,2,asynchronous
n010_048.bnet,random_mc,22.0,6,11,2445,162,512,2,asynchronous
n010_048.bnet,random_mc,23.0,6,11,2445,162,512,2,asynchronous
n010_048.bnet,random_mc,24.0,6,11,2445,162,512,2,asynchronous
n010_048.bnet,random_mc,25.0,6,11,2445,162,512,2,asynchronous
n010_048.bnet,random_mc,26.0,6,11,2445,162,512,2,asynchronous
n010_048.bnet,random_mc,27.0,6,11,2445,162,512,2,asynchronous
n010_048.bnet,random_mc,28.0,6,11,2445,162,512,2,asynchronous
n010_048.bnet,random_mc,29.0,6,11,2445,162,512,2,asynchronous
n010_049.bnet,sd_mc,,460,0,2139,24,512,4,asynchronous
n010_049.bnet,null_mc,,13,16,2123,471,512,4,asynchronous
n010_049.bnet,random_mc,0.0,13,16,2123,471,512,4,asynchronous
n010_049.bnet,random_mc,1.0,13,16,2123,471,512,4,asynchronous
n010_049.bnet,random_mc,2.0,13,16,2123,471,512,4,asynchronous
n010_049.bnet,random_mc,3.0,13,16,2123,471,512,4,asynchronous
n010_049.bnet,random_mc,4.0,13,16,2123,471,512,4,asynchronous
n010_049.bnet,random_mc,5.0,13,16,2123,471,512,4,asynchronous
n010_049.bnet,random_mc,6.0,13,16,2123,471,512,4,asynchronous
n010_049.bnet,random_mc,7.0,13,16,2123,471,512,4,asynchronous
n010_049.bnet,random_mc,8.0,13,16,2123,471,512,4,asynchronous
n010_049.bnet,random_mc,9.0,13,16,2123,471,512,4,asynchronous
n010_049.bnet,random_mc,10.0,13,16,2123,471,512,4,asynchronous
n010_049.bnet,random_mc,11.0,13,16,2123,471,512,4,asynchronous
n010_049.bnet,random_mc,12.0,13,16,2123,471,512,4,asynchronous
n010_049.bnet,random_mc,13.0,13,16,2123,471,512,4,asynchronous
n010_049.bnet,random_mc,14.0,13,16,2123,471,512,4,asynchronous
n010_049.bnet,random_mc,15.0,13,16,2123,471,512,4,asynchronous
n010_049.bnet,random_mc,16.0,13,16,2123,471,512,4,asynchronous
n010_049.bnet,random_mc,17.0,13,16,2123,471,512,4,asynchronous
n010_049.bnet,random_mc,18.0,13,16,2123,471,512,4,asynchronous
n010_049.bnet,random_mc,19.0,13,16,2123,471,512,4,asynchronous
n010_049.bnet,random_mc,20.0,13,16,2123,471,512,4,asynchronous
n010_049.bnet,random_mc,21.0,13,16,2123,471,512,4,asynchronous
n010_049.bnet,random_mc,22.0,13,16,2123,471,512,4,asynchronous
n010_049.bnet,random_mc,23.0,13,16,2123,471,512,4,asynchronous
n010_049.bnet,random_mc,24.0,13,16,2123,471,512,4,asynchronous
n010_049.bnet,random_mc,25.0,13,16,2123,471,512,4,asynchronous
n010_049.bnet,random_mc,26.0,13,16,2123,471,512,4,asynchronous
n010_049.bnet,random_mc,27.0,13,16,2123,471,512,4,asynchronous
n010_049.bnet,random_mc,28.0,13,16,2123,471,512,4,asynchronous
n010_049.bnet,random_mc,29.0,13,16,2123,471,512,4,asynchronous
n010_051.bnet,sd_mc,,428,52,5448,216,1024,6,asynchronous
n010_051.bnet,null_mc,,70,22,5478,574,1024,6,asynchronous
n010_051.bnet,random_mc,0.0,70,22,5478,574,1024,6,asynchronous
n010_051.bnet,random_mc,1.0,70,22,5478,574,1024,6,asynchronous
n010_051.bnet,random_mc,2.0,70,22,5478,574,1024,6,asynchronous
n010_051.bnet,random_mc,3.0,70,22,5478,574,1024,6,asynchronous
n010_051.bnet,random_mc,4.0,70,22,5478,574,1024,6,asynchronous
n010_051.bnet,random_mc,5.0,70,22,5478,574,1024,6,asynchronous
n010_051.bnet,random_mc,6.0,70,22,5478,574,1024,6,asynchronous
n010_051.bnet,random_mc,7.0,70,22,5478,574,1024,6,asynchronous
n010_051.bnet,random_mc,8.0,70,22,5478,574,1024,6,asynchronous
n010_051.bnet,random_mc,9.0,70,22,5478,574,1024,6,asynchronous
n010_051.bnet,random_mc,10.0,70,22,5478,574,1024,6,asynchronous
n010_051.bnet,random_mc,11.0,70,22,5478,574,1024,6,asynchronous
n010_051.bnet,random_mc,12.0,70,22,5478,574,1024,6,asynchronous
n010_051.bnet,random_mc,13.0,70,22,5478,574,1024,6,asynchronous
n010_051.bnet,random_mc,14.0,70,22,5478,574,1024,6,asynchronous
n010_051.bnet,random_mc,15.0,70,22,5478,574,1024,6,asynchronous
n010_051.bnet,random_mc,16.0,70,22,5478,574,1024,6,asynchronous
n010_051.bnet,random_mc,17.0,70,22,5478,574,1024,6,asynchronous
n010_051.bnet,random_mc,18.0,70,22,5478,574,1024,6,asynchronous
n010_051.bnet,random_mc,19.0,70,22,5478,574,1024,6,asynchronous
n010_051.bnet,random_mc,20.0,70,22,5478,574,1024,6,asynchronous
n010_051.bnet,random_mc,21.0,70,22,5478,574,1024,6,asynchronous
n010_051.bnet,random_mc,22.0,70,22,5478,574,1024,6,asynchronous
n010_051.bnet,random_mc,23.0,70,22,5478,574,1024,6,asynchronous
n010_051.bnet,random_mc,24.0,70,22,5478,574,1024,6,asynchronous
n010_051.bnet,random_mc,25.0,70,22,5478,574,1024,6,asynchronous
n010_051.bnet,random_mc,26.0,70,22,5478,574,1024,6,asynchronous
n010_051.bnet,random_mc,27.0,70,22,5478,574,1024,6,asynchronous
n010_051.bnet,random_mc,28.0,70,22,5478,574,1024,6,asynchronous
n010_051.bnet,random_mc,29.0,70,22,5478,574,1024,6,asynchronous
n010_052.bnet,sd_mc,,0,0,2,0,2,2,asynchronous
n010_052.bnet,null_mc,,0,0,2,0,2,2,asynchronous
n010_052.bnet,random_mc,0.0,0,0,2,0,2,2,asynchronous
n010_052.bnet,random_mc,1.0,0,0,2,0,2,2,asynchronous
n010_052.bnet,random_mc,2.0,0,0,2,0,2,2,asynchronous
n010_052.bnet,random_mc,3.0,0,0,2,0,2,2,asynchronous
n010_052.bnet,random_mc,4.0,0,0,2,0,2,2,asynchronous
n010_052.bnet,random_mc,5.0,0,0,2,0,2,2,asynchronous
n010_052.bnet,random_mc,6.0,0,0,2,0,2,2,asynchronous
n010_052.bnet,random_mc,7.0,0,0,2,0,2,2,asynchronous
n010_052.bnet,random_mc,8.0,0,0,2,0,2,2,asynchronous
n010_052.bnet,random_mc,9.0,0,0,2,0,2,2,asynchronous
n010_052.bnet,random_mc,10.0,0,0,2,0,2,2,asynchronous
n010_052.bnet,random_mc,11.0,0,0,2,0,2,2,asynchronous
n010_052.bnet,random_mc,12.0,0,0,2,0,2,2,asynchronous
n010_052.bnet,random_mc,13.0,0,0,2,0,2,2,asynchronous
n010_052.bnet,random_mc,14.0,0,0,2,0,2,2,asynchronous
n010_052.bnet,random_mc,15.0,0,0,2,0,2,2,asynchronous
n010_052.bnet,random_mc,16.0,0,0,2,0,2,2,asynchronous
n010_052.bnet,random_mc,17.0,0,0,2,0,2,2,asynchronous
n010_052.bnet,random_mc,18.0,0,0,2,0,2,2,asynchronous
n010_052.bnet,random_mc,19.0,0,0,2,0,2,2,asynchronous
n010_052.bnet,random_mc,20.0,0,0,2,0,2,2,asynchronous
n010_052.bnet,random_mc,21.0,0,0,2,0,2,2,asynchronous
n010_052.bnet,random_mc,22.0,0,0,2,0,2,2,asynchronous
n010_052.bnet,random_mc,23.0,0,0,2,0,2,2,asynchronous
n010_052.bnet,random_mc,24.0,0,0,2,0,2,2,asynchronous
n010_052.bnet,random_mc,25.0,0,0,2,0,2,2,asynchronous
n010_052.bnet,random_mc,26.0,0,0,2,0,2,2,asynchronous
n010_052.bnet,random_mc,27.0,0,0,2,0,2,2,asynchronous
n010_052.bnet,random_mc,28.0,0,0,2,0,2,2,asynchronous
n010_052.bnet,random_mc,29.0,0,0,2,0,2,2,asynchronous
n010_055.bnet,sd_mc,,219,13,2477,105,512,3,asynchronous
n010_055.bnet,null_mc,,18,9,2481,306,512,3,asynchronous
n010_055.bnet,random_mc,0.0,18,9,2481,306,512,3,asynchronous
n010_055.bnet,random_mc,1.0,18,9,2481,306,512,3,asynchronous
n010_055.bnet,random_mc,2.0,18,9,2481,306,512,3,asynchronous
n010_055.bnet,random_mc,3.0,18,9,2481,306,512,3,asynchronous
n010_055.bnet,random_mc,4.0,18,9,2481,306,512,3,asynchronous
n010_055.bnet,random_mc,5.0,18,9,2481,306,512,3,asynchronous
n010_055.bnet,random_mc,6.0,18,9,2481,306,512,3,asynchronous
n010_055.bnet,random_mc,7.0,18,9,2481,306,512,3,asynchronous
n010_055.bnet,random_mc,8.0,18,9,2481,306,512,3,asynchronous
n010_055.bnet,random_mc,9.0,18,9,2481,306,512,3,asynchronous
n010_055.bnet,random_mc,10.0,18,9,2481,306,512,3,asynchronous
n010_055.bnet,random_mc,11.0,18,9,2481,306,512,3,asynchronous
n010_055.bnet,random_mc,12.0,18,9,2481,306,512,3,asynchronous
n010_055.bnet,random_mc,13.0,18,9,2481,306,512,3,asynchronous
n010_055.bnet,random_mc,14.0,18,9,2481,306,512,3,asynchronous
n010_055.bnet,random_mc,15.0,18,9,2481,306,512,3,asynchronous
n010_055.bnet,random_mc,16.0,18,9,2481,306,512,3,asynchronous
n010_055.bnet,random_mc,17.0,18,9,2481,306,512,3,asynchronous
n010_055.bnet,random_mc,18.0,18,9,2481,306,512,3,asynchronous
n010_055.bnet,random_mc,19.0,18,9,2481,306,512,3,asynchronous
n010_055.bnet,random_mc,20.0,18,9,2481,306,512,3,asynchronous
n010_055.bnet,random_mc,21.0,18,9,2481,306,512,3,asynchronous
n010_055.bnet,random_mc,22.0,18,9,2481,306,512,3,asynchronous
n010_055.bnet,random_mc,23.0,18,9,2481,306,512,3,asynchronous
n010_055.bnet,random_mc,24.0,18,9,2481,306,512,3,asynchronous
n010_055.bnet,random_mc,25.0,18,9,2481,306,512,3,asynchronous
n010_055.bnet,random_mc,26.0,18,9,2481,306,512,3,asynchronous
n010_055.bnet,random_mc,27.0,18,9,2481,306,512,3,asynchronous
n010_055.bnet,random_mc,28.0,18,9,2481,306,512,3,asynchronous
n010_055.bnet,random_mc,29.0,18,9,2481,306,512,3,asynchronous
n010_059.bnet,sd_mc,,0,0,480,0,128,4,asynchronous
n010_059.bnet,null_mc,,0,20,460,0,128,4,asynchronous
n010_059.bnet,random_mc,0.0,0,20,460,0,128,4,asynchronous
n010_059.bnet,random_mc,1.0,0,20,460,0,128,4,asynchronous
n010_059.bnet,random_mc,2.0,0,20,460,0,128,4,asynchronous
n010_059.bnet,random_mc,3.0,0,20,460,0,128,4,asynchronous
n010_059.bnet,random_mc,4.0,0,20,460,0,128,4,asynchronous
n010_059.bnet,random_mc,5.0,0,20,460,0,128,4,asynchronous
n010_059.bnet,random_mc,6.0,0,20,460,0,128,4,asynchronous
n010_059.bnet,random_mc,7.0,0,20,460,0,128,4,asynchronous
n010_059.bnet,random_mc,8.0,0,20,460,0,128,4,asynchronous
n010_059.bnet,random_mc,9.0,0,20,460,0,128,4,asynchronous
n010_059.bnet,random_mc,10.0,0,20,460,0,128,4,asynchronous
n010_059.bnet,random_mc,11.0,0,20,460,0,128,4,asynchronous
n010_059.bnet,random_mc,12.0,0,20,460,0,128,4,asynchronous
n010_059.bnet,random_mc,13.0,0,20,460,0,128,4,asynchronous
n010_059.bnet,random_mc,14.0,0,20,460,0,128,4,asynchronous
n010_059.bnet,random_mc,15.0,0,20,460,0,128,4,asynchronous
n010_059.bnet,random_mc,16.0,0,20,460,0,128,4,asynchronous
n010_059.bnet,random_mc,17.0,0,20,460,0,128,4,asynchronous
n010_059.bnet,random_mc,18.0,0,20,460,0,128,4,asynchronous
n010_059.bnet,random_mc,19.0,0,20,460,0,128,4,asynchronous
n010_059.bnet,random_mc,20.0,0,20,460,0,128,4,asynchronous
n010_059.bnet,random_mc,21.0,0,20,460,0,128,4,asynchronous
n010_059.bnet,random_mc,22.0,0,20,460,0,128,4,asynchronous
n010_059.bnet,random_mc,23.0,0,20,460,0,128,4,asynchronous
n010_059.bnet,random_mc,24.0,0,20,460,0,128,4,asynchronous
n010_059.bnet,random_mc,25.0,0,20,460,0,128,4,asynchronous
n010_059.bnet,random_mc,26.0,0,20,460,0,128,4,asynchronous
n010_059.bnet,random_mc,27.0,0,20,460,0,128,4,asynchronous
n010_059.bnet,random_mc,28.0,0,20,460,0,128,4,asynchronous
n010_059.bnet,random_mc,29.0,0,20,460,0,128,4,asynchronous
n010_060.bnet,sd_mc,,44,20,5612,468,1024,2,asynchronous
n010_060.bnet,null_mc,,19,9,5623,493,1024,2,asynchronous
n010_060.bnet,random_mc,0.0,19,9,5623,493,1024,2,asynchronous
n010_060.bnet,random_mc,1.0,19,9,5623,493,1024,2,asynchronous
n010_060.bnet,random_mc,2.0,19,9,5623,493,1024,2,asynchronous
n010_060.bnet,random_mc,3.0,19,9,5623,493,1024,2,asynchronous
n010_060.bnet,random_mc,4.0,19,9,5623,493,1024,2,asynchronous
n010_060.bnet,random_mc,5.0,19,9,5623,493,1024,2,asynchronous
n010_060.bnet,random_mc,6.0,19,9,5623,493,1024,2,asynchronous
n010_060.bnet,random_mc,7.0,19,9,5623,493,1024,2,asynchronous
n010_060.bnet,random_mc,8.0,19,9,5623,493,1024,2,asynchronous
n010_060.bnet,random_mc,9.0,19,9,5623,493,1024,2,asynchronous
n010_060.bnet,random_mc,10.0,19,9,5623,493,1024,2,asynchronous
n010_060.bnet,random_mc,11.0,19,9,5623,493,1024,2,asynchronous
n010_060.bnet,random_mc,12.0,19,9,5623,493,1024,2,asynchronous
n010_060.bnet,random_mc,13.0,19,9,5623,493,1024,2,asynchronous
n010_060.bnet,random_mc,14.0,19,9,5623,493,1024,2,asynchronous
n010_060.bnet,random_mc,15.0,19,9,5623,493,1024,2,asynchronous
n010_060.bnet,random_mc,16.0,19,9,5623,493,1024,2,asynchronous
n010_060.bnet,random_mc,17.0,19,9,5623,493,1024,2,asynchronous
n010_060.bnet,random_mc,18.0,19,9,5623,493,1024,2,asynchronous
n010_060.bnet,random_mc,19.0,19,9,5623,493,1024,2,asynchronous
n010_060.bnet,random_mc,20.0,19,9,5623,493,1024,2,asynchronous
n010_060.bnet,random_mc,21.0,19,9,5623,493,1024,2,asynchronous
n010_060.bnet,random_mc,22.0,19,9,5623,493,1024,2,asynchronous
n010_060.bnet,random_mc,23.0,19,9,5623,493,1024,2,asynchronous
n010_060.bnet,random_mc,24.0,19,9,5623,493,1024,2,asynchronous
n010_060.bnet,random_mc,25.0,19,9,5623,493,1024,2,asynchronous
n010_060.bnet,random_mc,26.0,19,9,5623,493,1024,2,asynchronous
n010_060.bnet,random_mc,27.0,19,9,5623,493,1024,2,asynchronous
n010_060.bnet,random_mc,28.0,19,9,5623,493,1024,2,asynchronous
n010_060.bnet,random_mc,29.0,19,9,5623,493,1024,2,asynchronous
n010_061.bnet,sd_mc,,108,4,436,12,128,3,asynchronous
n010_061.bnet,null_mc,,10,16,424,110,128,3,asynchronous
n010_061.bnet,random_mc,0.0,10,16,424,110,128,3,asynchronous
n010_061.bnet,random_mc,1.0,10,16,424,110,128,3,asynchronous
n010_061.bnet,random_mc,2.0,10,16,424,110,128,3,asynchronous
n010_061.bnet,random_mc,3.0,10,16,424,110,128,3,asynchronous
n010_061.bnet,random_mc,4.0,10,16,424,110,128,3,asynchronous
n010_061.bnet,random_mc,5.0,10,16,424,110,128,3,asynchronous
n010_061.bnet,random_mc,6.0,10,16,424,110,128,3,asynchronous
n010_061.bnet,random_mc,7.0,10,16,424,110,128,3,asynchronous
n010_061.bnet,random_mc,8.0,10,16,424,110,128,3,asynchronous
n010_061.bnet,random_mc,9.0,10,16,424,110,128,3,asynchronous
n010_061.bnet,random_mc,10.0,10,16,424,110,128,3,asynchronous
n010_061.bnet,random_mc,11.0,10,16,424,110,128,3,asynchronous
n010_061.bnet,random_mc,12.0,10,16,424,110,128,3,asynchronous
n010_061.bnet,random_mc,13.0,10,16,424,110,128,3,asynchronous
n010_061.bnet,random_mc,14.0,10,16,424,110,128,3,asynchronous
n010_061.bnet,random_mc,15.0,10,16,424,110,128,3,asynchronous
n010_061.bnet,random_mc,16.0,10,16,424,110,128,3,asynchronous
n010_061.bnet,random_mc,17.0,10,16,424,110,128,3,asynchronous
n010_061.bnet,random_mc,18.0,10,16,424,110,128,3,asynchronous
n010_061.bnet,random_mc,19.0,10,16,424,110,128,3,asynchronous
n010_061.bnet,random_mc,20.0,10,16,424,110,128,3,asynchronous
n010_061.bnet,random_mc,21.0,10,16,424,110,128,3,asynchronous
n010_061.bnet,random_mc,22.0,10,16,424,110,128,3,asynchronous
n010_061.bnet,random_mc,23.0,10,16,424,110,128,3,asynchronous
n010_061.bnet,random_mc,24.0,10,16,424,110,128,3,asynchronous
n010_061.bnet,random_mc,25.0,10,16,424,110,128,3,asynchronous
n010_061.bnet,random_mc,26.0,10,16,424,110,128,3,asynchronous
n010_061.bnet,random_mc,27.0,10,16,424,110,128,3,asynchronous
n010_061.bnet,random_mc,28.0,10,16,424,110,128,3,asynchronous
n010_061.bnet,random_mc,29.0,10,16,424,110,128,3,asynchronous
n010_063.bnet,sd_mc,,24,0,87,0,32,2,asynchronous
n010_063.bnet,null_mc,,6,4,83,18,32,2,asynchronous
n010_063.bnet,random_mc,0.0,6,4,83,18,32,2,asynchronous
n010_063.bnet,random_mc,1.0,6,4,83,18,32,2,asynchronous
n010_063.bnet,random_mc,2.0,6,4,83,18,32,2,asynchronous
n010_063.bnet,random_mc,3.0,6,4,83,18,32,2,asynchronous
n010_063.bnet,random_mc,4.0,6,4,83,18,32,2,asynchronous
n010_063.bnet,random_mc,5.0,6,4,83,18,32,2,asynchronous
n010_063.bnet,random_mc,6.0,6,4,83,18,32,2,asynchronous
n010_063.bnet,random_mc,7.0,6,4,83,18,32,2,asynchronous
n010_063.bnet,random_mc,8.0,6,4,83,18,32,2,asynchronous
n010_063.bnet,random_mc,9.0,6,4,83,18,32,2,asynchronous
n010_063.bnet,random_mc,10.0,6,4,83,18,32,2,asynchronous
n010_063.bnet,random_mc,11.0,6,4,83,18,32,2,asynchronous
n010_063.bnet,random_mc,12.0,6,4,83,18,32,2,asynchronous
n010_063.bnet,random_mc,13.0,6,4,83,18,32,2,asynchronous
n010_063.bnet,random_mc,14.0,6,4,83,18,32,2,asynchronous
n010_063.bnet,random_mc,15.0,6,4,83,18,32,2,asynchronous
n010_063.bnet,random_mc,16.0,6,4,83,18,32,2,asynchronous
n010_063.bnet,random_mc,17.0,6,4,83,18,32,2,asynchronous
n010_063.bnet,random_mc,18.0,6,4,83,18,32,2,asynchronous
n010_063.bnet,random_mc,19.0,6,4,83,18,32,2,asynchronous
n010_063.bnet,random_mc,20.0,6,4,83,18,32,2,asynchronous
n010_063.bnet,random_mc,21.0,6,4,83,18,32,2,asynchronous
n010_063.bnet,random_mc,22.0,6,4,83,18,32,2,asynchronous
n010_063.bnet,random_mc,23.0,6,4,83,18,32,2,asynchronous
n010_063.bnet,random_mc,24.0,6,4,83,18,32,2,asynchronous
n010_063.bnet,random_mc,25.0,6,4,83,18,32,2,asynchronous
n010_063.bnet,random_mc,26.0,6,4,83,18,32,2,asynchronous
n010_063.bnet,random_mc,27.0,6,4,83,18,32,2,asynchronous
n010_063.bnet,random_mc,28.0,6,4,83,18,32,2,asynchronous
n010_063.bnet,random_mc,29.0,6,4,83,18,32,2,asynchronous
n010_069.bnet,sd_mc,,15,1,83,7,32,2,asynchronous
n010_069.bnet,null_mc,,3,5,79,19,32,2,asynchronous
n010_069.bnet,random_mc,0.0,3,5,79,19,32,2,asynchronous
n010_069.bnet,random_mc,1.0,3,5,79,19,32,2,asynchronous
n010_069.bnet,random_mc,2.0,3,5,79,19,32,2,asynchronous
n010_069.bnet,random_mc,3.0,3,5,79,19,32,2,asynchronous
n010_069.bnet,random_mc,4.0,3,5,79,19,32,2,asynchronous
n010_069.bnet,random_mc,5.0,3,5,79,19,32,2,asynchronous
n010_069.bnet,random_mc,6.0,3,5,79,19,32,2,asynchronous
n010_069.bnet,random_mc,7.0,3,5,79,19,32,2,asynchronous
n010_069.bnet,random_mc,8.0,3,5,79,19,32,2,asynchronous
n010_069.bnet,random_mc,9.0,3,5,79,19,32,2,asynchronous
n010_069.bnet,random_mc,10.0,3,5,79,19,32,2,asynchronous
n010_069.bnet,random_mc,11.0,3,5,79,19,32,2,asynchronous
n010_069.bnet,random_mc,12.0,3,5,79,19,32,2,asynchronous
n010_069.bnet,random_mc,13.0,3,5,79,19,32,2,asynchronous
n010_069.bnet,random_mc,14.0,3,5,79,19,32,2,asynchronous
n010_069.bnet,random_mc,15.0,3,5,79,19,32,2,asynchronous
n010_069.bnet,random_mc,16.0,3,5,79,19,32,2,asynchronous
n010_069.bnet,random_mc,17.0,3,5,79,19,32,2,asynchronous
n010_069.bnet,random_mc,18.0,3,5,79,19,32,2,asynchronous
n010_069.bnet,random_mc,19.0,3,5,79,19,32,2,asynchronous
n010_069.bnet,random_mc,20.0,3,5,79,19,32,2,asynchronous
n010_069.bnet,random_mc,21.0,3,5,79,19,32,2,asynchronous
n010_069.bnet,random_mc,22.0,3,5,79,19,32,2,asynchronous
n010_069.bnet,random_mc,23.0,3,5,79,19,32,2,asynchronous
n010_069.bnet,random_mc,24.0,3,5,79,19,32,2,asynchronous
n010_069.bnet,random_mc,25.0,3,5,79,19,32,2,asynchronous
n010_069.bnet,random_mc,26.0,3,5,79,19,32,2,asynchronous
n010_069.bnet,random_mc,27.0,3,5,79,19,32,2,asynchronous
n010_069.bnet,random_mc,28.0,3,5,79,19,32,2,asynchronous
n010_069.bnet,random_mc,29.0,3,5,79,19,32,2,asynchronous
n010_070.bnet,sd_mc,,0,0,2,0,2,2,asynchronous
n010_070.bnet,null_mc,,0,0,2,0,2,2,asynchronous
n010_070.bnet,random_mc,0.0,0,0,2,0,2,2,asynchronous
n010_070.bnet,random_mc,1.0,0,0,2,0,2,2,asynchronous
n010_070.bnet,random_mc,2.0,0,0,2,0,2,2,asynchronous
n010_070.bnet,random_mc,3.0,0,0,2,0,2,2,asynchronous
n010_070.bnet,random_mc,4.0,0,0,2,0,2,2,asynchronous
n010_070.bnet,random_mc,5.0,0,0,2,0,2,2,asynchronous
n010_070.bnet,random_mc,6.0,0,0,2,0,2,2,asynchronous
n010_070.bnet,random_mc,7.0,0,0,2,0,2,2,asynchronous
n010_070.bnet,random_mc,8.0,0,0,2,0,2,2,asynchronous
n010_070.bnet,random_mc,9.0,0,0,2,0,2,2,asynchronous
n010_070.bnet,random_mc,10.0,0,0,2,0,2,2,asynchronous
n010_070.bnet,random_mc,11.0,0,0,2,0,2,2,asynchronous
n010_070.bnet,random_mc,12.0,0,0,2,0,2,2,asynchronous
n010_070.bnet,random_mc,13.0,0,0,2,0,2,2,asynchronous
n010_070.bnet,random_mc,14.0,0,0,2,0,2,2,asynchronous
n010_070.bnet,random_mc,15.0,0,0,2,0,2,2,asynchronous
n010_070.bnet,random_mc,16.0,0,0,2,0,2,2,asynchronous
n010_070.bnet,random_mc,17.0,0,0,2,0,2,2,asynchronous
n010_070.bnet,random_mc,18.0,0,0,2,0,2,2,asynchronous
n010_070.bnet,random_mc,19.0,0,0,2,0,2,2,asynchronous
n010_070.bnet,random_mc,20.0,0,0,2,0,2,2,asynchronous
n010_070.bnet,random_mc,21.0,0,0,2,0,2,2,asynchronous
n010_070.bnet,random_mc,22.0,0,0,2,0,2,2,asynchronous
n010_070.bnet,random_mc,23.0,0,0,2,0,2,2,asynchronous
n010_070.bnet,random_mc,24.0,0,0,2,0,2,2,asynchronous
n010_070.bnet,random_mc,25.0,0,0,2,0,2,2,asynchronous
n010_070.bnet,random_mc,26.0,0,0,2,0,2,2,asynchronous
n010_070.bnet,random_mc,27.0,0,0,2,0,2,2,asynchronous
n010_070.bnet,random_mc,28.0,0,0,2,0,2,2,asynchronous
n010_070.bnet,random_mc,29.0,0,0,2,0,2,2,asynchronous
n010_071.bnet,sd_mc,,14,0,90,0,32,2,asynchronous
n010_071.bnet,null_mc,,3,5,85,11,32,2,asynchronous
n010_071.bnet,random_mc,0.0,3,5,85,11,32,2,asynchronous
n010_071.bnet,random_mc,1.0,3,5,85,11,32,2,asynchronous
n010_071.bnet,random_mc,2.0,3,5,85,11,32,2,asynchronous
n010_071.bnet,random_mc,3.0,3,5,85,11,32,2,asynchronous
n010_071.bnet,random_mc,4.0,3,5,85,11,32,2,asynchronous
n010_071.bnet,random_mc,5.0,3,5,85,11,32,2,asynchronous
n010_071.bnet,random_mc,6.0,3,5,85,11,32,2,asynchronous
n010_071.bnet,random_mc,7.0,3,5,85,11,32,2,asynchronous
n010_071.bnet,random_mc,8.0,3,5,85,11,32,2,asynchronous
n010_071.bnet,random_mc,9.0,3,5,85,11,32,2,asynchronous
n010_071.bnet,random_mc,10.0,3,5,85,11,32,2,asynchronous
n010_071.bnet,random_mc,11.0,3,5,85,11,32,2,asynchronous
n010_071.bnet,random_mc,12.0,3,5,85,11,32,2,asynchronous
n010_071.bnet,random_mc,13.0,3,5,85,11,32,2,asynchronous
n010_071.bnet,random_mc,14.0,3,5,85,11,32,2,asynchronous
n010_071.bnet,random_mc,15.0,3,5,85,11,32,2,asynchronous
n010_071.bnet,random_mc,16.0,3,5,85,11,32,2,asynchronous
n010_071.bnet,random_mc,17.0,3,5,85,11,32,2,asynchronous
n010_071.bnet,random_mc,18.0,3,5,85,11,32,2,asynchronous
n010_071.bnet,random_mc,19.0,3,5,85,11,32,2,asynchronous
n010_071.bnet,random_mc,20.0,3,5,85,11,32,2,asynchronous
n010_071.bnet,random_mc,21.0,3,5,85,11,32,2,asynchronous
n010_071.bnet,random_mc,22.0,3,5,85,11,32,2,asynchronous
n010_071.bnet,random_mc,23.0,3,5,85,11,32,2,asynchronous
n010_071.bnet,random_mc,24.0,3,5,85,11,32,2,asynchronous
n010_071.bnet,random_mc,25.0,3,5,85,11,32,2,asynchronous
n010_071.bnet,random_mc,26.0,3,5,85,11,32,2,asynchronous
n010_071.bnet,random_mc,27.0,3,5,85,11,32,2,asynchronous
n010_071.bnet,random_mc,28.0,3,5,85,11,32,2,asynchronous
n010_071.bnet,random_mc,29.0,3,5,85,11,32,2,asynchronous
n010_074.bnet,sd_mc,,478,6,5629,31,1024,3,asynchronous
n010_074.bnet,null_mc,,70,50,5585,439,1024,3,asynchronous
n010_074.bnet,random_mc,0.0,70,50,5585,439,1024,3,asynchronous
n010_074.bnet,random_mc,1.0,70,50,5585,439,1024,3,asynchronous
n010_074.bnet,random_mc,2.0,70,50,5585,439,1024,3,asynchronous
n010_074.bnet,random_mc,3.0,70,50,5585,439,1024,3,asynchronous
n010_074.bnet,random_mc,4.0,70,50,5585,439,1024,3,asynchronous
n010_074.bnet,random_mc,5.0,70,50,5585,439,1024,3,asynchronous
n010_074.bnet,random_mc,6.0,70,50,5585,439,1024,3,asynchronous
n010_074.bnet,random_mc,7.0,70,50,5585,439,1024,3,asynchronous
n010_074.bnet,random_mc,8.0,70,50,5585,439,1024,3,asynchronous
n010_074.bnet,random_mc,9.0,70,50,5585,439,1024,3,asynchronous
n010_074.bnet,random_mc,10.0,70,50,5585,439,1024,3,asynchronous
n010_074.bnet,random_mc,11.0,70,50,5585,439,1024,3,asynchronous
n010_074.bnet,random_mc,12.0,70,50,5585,439,1024,3,asynchronous
n010_074.bnet,random_mc,13.0,70,50,5585,439,1024,3,asynchronous
n010_074.bnet,random_mc,14.0,70,50,5585,439,1024,3,asynchronous
n010_074.bnet,random_mc,15.0,70,50,5585,439,1024,3,asynchronous
n010_074.bnet,random_mc,16.0,70,50,5585,439,1024,3,asynchronous
n010_074.bnet,random_mc,17.0,70,50,5585,439,1024,3,asynchronous
n010_074.bnet,random_mc,18.0,70,50,5585,439,1024,3,asynchronous
n010_074.bnet,random_mc,19.0,70,50,5585,439,1024,3,asynchronous
n010_074.bnet,random_mc,20.0,70,50,5585,439,1024,3,asynchronous
n010_074.bnet,random_mc,21.0,70,50,5585,439,1024,3,asynchronous
n010_074.bnet,random_mc,22.0,70,50,5585,439,1024,3,asynchronous
n010_074.bnet,random_mc,23.0,70,50,5585,439,1024,3,asynchronous
n010_074.bnet,random_mc,24.0,70,50,5585,439,1024,3,asynchronous
n010_074.bnet,random_mc,25.0,70,50,5585,439,1024,3,asynchronous
n010_074.bnet,random_mc,26.0,70,50,5585,439,1024,3,asynchronous
n010_074.bnet,random_mc,27.0,70,50,5585,439,1024,3,asynchronous
n010_074.bnet,random_mc,28.0,70,50,5585,439,1024,3,asynchronous
n010_074.bnet,random_mc,29.0,70,50,5585,439,1024,3,asynchronous
n010_076.bnet,sd_mc,,18,0,25,0,16,3,asynchronous
n010_076.bnet,null_mc,,6,4,21,12,16,3,asynchronous
n010_076.bnet,random_mc,0.0,6,4,21,12,16,3,asynchronous
n010_076.bnet,random_mc,1.0,12,3,22,6,16,3,asynchronous
n010_076.bnet,random_mc,2.0,10,3,22,8,16,3,asynchronous
n010_076.bnet,random_mc,3.0,10,2,23,8,16,3,asynchronous
n010_076.bnet,random_mc,4.0,16,4,21,2,16,3,asynchronous
n010_076.bnet,random_mc,5.0,12,3,22,6,16,3,asynchronous
n010_076.bnet,random_mc,6.0,15,7,18,3,16,3,asynchronous
n010_076.bnet,random_mc,7.0,6,5,20,12,16,3,asynchronous
n010_076.bnet,random_mc,8.0,7,6,19,11,16,3,asynchronous
n010_076.bnet,random_mc,9.0,9,5,20,9,16,3,asynchronous
n010_076.bnet,random_mc,10.0,14,4,21,4,16,3,asynchronous
n010_076.bnet,random_mc,11.0,10,5,20,8,16,3,asynchronous
n010_076.bnet,random_mc,12.0,8,3,22,10,16,3,asynchronous
n010_076.bnet,random_mc,13.0,7,5,20,11,16,3,asynchronous
n010_076.bnet,random_mc,14.0,7,5,20,11,16,3,asynchronous
n010_076.bnet,random_mc,15.0,6,4,21,12,16,3,asynchronous
n010_076.bnet,random_mc,16.0,10,2,23,8,16,3,asynchronous
n010_076.bnet,random_mc,17.0,6,5,20,12,16,3,asynchronous
n010_076.bnet,random_mc,18.0,9,5,20,9,16,3,asynchronous
n010_076.bnet,random_mc,19.0,12,6,19,6,16,3,asynchronous
n010_076.bnet,random_mc,20.0,11,6,19,7,16,3,asynchronous
n010_076.bnet,random_mc,21.0,8,3,22,10,16,3,asynchronous
n010_076.bnet,random_mc,22.0,8,3,22,10,16,3,asynchronous
n010_076.bnet,random_mc,23.0,10,5,20,8,16,3,asynchronous
n010_076.bnet,random_mc,24.0,6,5,20,12,16,3,asynchronous
n010_076.bnet,random_mc,25.0,12,3,22,6,16,3,asynchronous
n010_076.bnet,random_mc,26.0,6,4,21,12,16,3,asynchronous
n010_076.bnet,random_mc,27.0,9,7,18,9,16,3,asynchronous
n010_076.bnet,random_mc,28.0,7,6,19,11,16,3,asynchronous
n010_076.bnet,random_mc,29.0,14,4,21,4,16,3,asynchronous
n010_077.bnet,sd_mc,,0,0,1184,0,256,2,asynchronous
n010_077.bnet,null_mc,,0,14,1170,0,256,2,asynchronous
n010_077.bnet,random_mc,0.0,0,14,1170,0,256,2,asynchronous
n010_077.bnet,random_mc,1.0,0,14,1170,0,256,2,asynchronous
n010_077.bnet,random_mc,2.0,0,14,1170,0,256,2,asynchronous
n010_077.bnet,random_mc,3.0,0,14,1170,0,256,2,asynchronous
n010_077.bnet,random_mc,4.0,0,14,1170,0,256,2,asynchronous
n010_077.bnet,random_mc,5.0,0,14,1170,0,256,2,asynchronous
n010_077.bnet,random_mc,6.0,0,14,1170,0,256,2,asynchronous
n010_077.bnet,random_mc,7.0,0,14,1170,0,256,2,asynchronous
n010_077.bnet,random_mc,8.0,0,14,1170,0,256,2,asynchronous
n010_077.bnet,random_mc,9.0,0,14,1170,0,256,2,asynchronous
n010_077.bnet,random_mc,10.0,0,14,1170,0,256,2,asynchronous
n010_077.bnet,random_mc,11.0,0,14,1170,0,256,2,asynchronous
n010_077.bnet,random_mc,12.0,0,14,1170,0,256,2,asynchronous
n010_077.bnet,random_mc,13.0,0,14,1170,0,256,2,asynchronous
n010_077.bnet,random_mc,14.0,0,14,1170,0,256,2,asynchronous
n010_077.bnet,random_mc,15.0,0,14,1170,0,256,2,asynchronous
n010_077.bnet,random_mc,16.0,0,14,1170,0,256,2,asynchronous
n010_077.bnet,random_mc,17.0,0,14,1170,0,256,2,asynchronous
n010_077.bnet,random_mc,18.0,0,14,1170,0,256,2,asynchronous
n010_077.bnet,random_mc,19.0,0,14,1170,0,256,2,asynchronous
n010_077.bnet,random_mc,20.0,0,14,1170,0,256,2,asynchronous
n010_077.bnet,random_mc,21.0,0,14,1170,0,256,2,asynchronous
n010_077.bnet,random_mc,22.0,0,14,1170,0,256,2,asynchronous
n010_077.bnet,random_mc,23.0,0,14,1170,0,256,2,asynchronous
n010_077.bnet,random_mc,24.0,0,14,1170,0,256,2,asynchronous
n010_077.bnet,random_mc,25.0,0,14,1170,0,256,2,asynchronous
n010_077.bnet,random_mc,26.0,0,14,1170,0,256,2,asynchronous
n010_077.bnet,random_mc,27.0,0,14,1170,0,256,2,asynchronous
n010_077.bnet,random_mc,28.0,0,14,1170,0,256,2,asynchronous
n010_077.bnet,random_mc,29.0,0,14,1170,0,256,2,asynchronous
n010_080.bnet,sd_mc,,272,20,2375,85,512,3,asynchronous
n010_080.bnet,null_mc,,5,41,2354,352,512,3,asynchronous
n010_080.bnet,random_mc,0.0,5,41,2354,352,512,3,asynchronous
n010_080.bnet,random_mc,1.0,5,41,2354,352,512,3,asynchronous
n010_080.bnet,random_mc,2.0,5,41,2354,352,512,3,asynchronous
n010_080.bnet,random_mc,3.0,5,41,2354,352,512,3,asynchronous
n010_080.bnet,random_mc,4.0,5,41,2354,352,512,3,asynchronous
n010_080.bnet,random_mc,5.0,5,41,2354,352,512,3,asynchronous
n010_080.bnet,random_mc,6.0,5,41,2354,352,512,3,asynchronous
n010_080.bnet,random_mc,7.0,5,41,2354,352,512,3,asynchronous
n010_080.bnet,random_mc,8.0,5,41,2354,352,512,3,asynchronous
n010_080.bnet,random_mc,9.0,5,41,2354,352,512,3,asynchronous
n010_080.bnet,random_mc,10.0,5,41,2354,352,512,3,asynchronous
n010_080.bnet,random_mc,11.0,5,41,2354,352,512,3,asynchronous
n010_080.bnet,random_mc,12.0,5,41,2354,352,512,3,asynchronous
n010_080.bnet,random_mc,13.0,5,41,2354,352,512,3,asynchronous
n010_080.bnet,random_mc,14.0,5,41,2354,352,512,3,asynchronous
n010_080.bnet,random_mc,15.0,5,41,2354,352,512,3,asynchronous
n010_080.bnet,random_mc,16.0,5,41,2354,352,512,3,asynchronous
n010_080.bnet,random_mc,17.0,5,41,2354,352,512,3,asynchronous
n010_080.bnet,random_mc,18.0,5,41,2354,352,512,3,asynchronous
n010_080.bnet,random_mc,19.0,5,41,2354,352,512,3,asynchronous
n010_080.bnet,random_mc,20.0,5,41,2354,352,512,3,asynchronous
n010_080.bnet,random_mc,21.0,5,41,2354,352,512,3,asynchronous
n010_080.bnet,random_mc,22.0,5,41,2354,352,512,3,asynchronous
n010_080.bnet,random_mc,23.0,5,41,2354,352,512,3,asynchronous
n010_080.bnet,random_mc,24.0,5,41,2354,352,512,3,asynchronous
n010_080.bnet,random_mc,25.0,5,41,2354,352,512,3,asynchronous
n010_080.bnet,random_mc,26.0,5,41,2354,352,512,3,asynchronous
n010_080.bnet,random_mc,27.0,5,41,2354,352,512,3,asynchronous
n010_080.bnet,random_mc,28.0,5,41,2354,352,512,3,asynchronous
n010_080.bnet,random_mc,29.0,5,41,2354,352,512,3,asynchronous
n010_083.bnet,sd_mc,,54,0,202,0,64,3,asynchronous
n010_083.bnet,null_mc,,15,3,199,39,64,3,asynchronous
n010_083.bnet,random_mc,0.0,15,3,199,39,64,3,asynchronous
n010_083.bnet,random_mc,1.0,15,3,199,39,64,3,asynchronous
n010_083.bnet,random_mc,2.0,15,3,199,39,64,3,asynchronous
n010_083.bnet,random_mc,3.0,15,3,199,39,64,3,asynchronous
n010_083.bnet,random_mc,4.0,15,3,199,39,64,3,asynchronous
n010_083.bnet,random_mc,5.0,15,3,199,39,64,3,asynchronous
n010_083.bnet,random_mc,6.0,15,3,199,39,64,3,asynchronous
n010_083.bnet,random_mc,7.0,15,3,199,39,64,3,asynchronous
n010_083.bnet,random_mc,8.0,15,3,199,39,64,3,asynchronous
n010_083.bnet,random_mc,9.0,15,3,199,39,64,3,asynchronous
n010_083.bnet,random_mc,10.0,15,3,199,39,64,3,asynchronous
n010_083.bnet,random_mc,11.0,15,3,199,39,64,3,asynchronous
n010_083.bnet,random_mc,12.0,15,3,199,39,64,3,asynchronous
n010_083.bnet,random_mc,13.0,15,3,199,39,64,3,asynchronous
n010_083.bnet,random_mc,14.0,15,3,199,39,64,3,asynchronous
n010_083.bnet,random_mc,15.0,15,3,199,39,64,3,asynchronous
n010_083.bnet,random_mc,16.0,15,3,199,39,64,3,asynchronous
n010_083.bnet,random_mc,17.0,15,3,199,39,64,3,asynchronous
n010_083.bnet,random_mc,18.0,15,3,199,39,64,3,asynchronous
n010_083.bnet,random_mc,19.0,15,3,199,39,64,3,asynchronous
n010_083.bnet,random_mc,20.0,15,3,199,39,64,3,asynchronous
n010_083.bnet,random_mc,21.0,15,3,199,39,64,3,asynchronous
n010_083.bnet,random_mc,22.0,15,3,199,39,64,3,asynchronous
n010_083.bnet,random_mc,23.0,15,3,199,39,64,3,asynchronous
n010_083.bnet,random_mc,24.0,15,3,199,39,64,3,asynchronous
n010_083.bnet,random_mc,25.0,15,3,199,39,64,3,asynchronous
n010_083.bnet,random_mc,26.0,15,3,199,39,64,3,asynchronous
n010_083.bnet,random_mc,27.0,15,3,199,39,64,3,asynchronous
n010_083.bnet,random_mc,28.0,15,3,199,39,64,3,asynchronous
n010_083.bnet,random_mc,29.0,15,3,199,39,64,3,asynchronous
n010_085.bnet,sd_mc,,32,16,408,24,128,4,asynchronous
n010_085.bnet,null_mc,,6,14,410,50,128,4,asynchronous
n010_085.bnet,random_mc,0.0,6,14,410,50,128,4,asynchronous
n010_085.bnet,random_mc,1.0,6,14,410,50,128,4,asynchronous
n010_085.bnet,random_mc,2.0,6,14,410,50,128,4,asynchronous
n010_085.bnet,random_mc,3.0,6,14,410,50,128,4,asynchronous
n010_085.bnet,random_mc,4.0,6,14,410,50,128,4,asynchronous
n010_085.bnet,random_mc,5.0,6,14,410,50,128,4,asynchronous
n010_085.bnet,random_mc,6.0,6,14,410,50,128,4,asynchronous
n010_085.bnet,random_mc,7.0,6,14,410,50,128,4,asynchronous
n010_085.bnet,random_mc,8.0,6,14,410,50,128,4,asynchronous
n010_085.bnet,random_mc,9.0,6,14,410,50,128,4,asynchronous
n010_085.bnet,random_mc,10.0,6,14,410,50,128,4,asynchronous
n010_085.bnet,random_mc,11.0,6,14,410,50,128,4,asynchronous
n010_085.bnet,random_mc,12.0,6,14,410,50,128,4,asynchronous
n010_085.bnet,random_mc,13.0,6,14,410,50,128,4,asynchronous
n010_085.bnet,random_mc,14.0,6,14,410,50,128,4,asynchronous
n010_085.bnet,random_mc,15.0,6,14,410,50,128,4,asynchronous
n010_085.bnet,random_mc,16.0,6,14,410,50,128,4,asynchronous
n010_085.bnet,random_mc,17.0,6,14,410,50,128,4,asynchronous
n010_085.bnet,random_mc,18.0,6,14,410,50,128,4,asynchronous
n010_085.bnet,random_mc,19.0,6,14,410,50,128,4,asynchronous
n010_085.bnet,random_mc,20.0,6,14,410,50,128,4,asynchronous
n010_085.bnet,random_mc,21.0,6,14,410,50,128,4,asynchronous
n010_085.bnet,random_mc,22.0,6,14,410,50,128,4,asynchronous
n010_085.bnet,random_mc,23.0,6,14,410,50,128,4,asynchronous
n010_085.bnet,random_mc,24.0,6,14,410,50,128,4,asynchronous
n010_085.bnet,random_mc,25.0,6,14,410,50,128,4,asynchronous
n010_085.bnet,random_mc,26.0,6,14,410,50,128,4,asynchronous
n010_085.bnet,random_mc,27.0,6,14,410,50,128,4,asynchronous
n010_085.bnet,random_mc,28.0,6,14,410,50,128,4,asynchronous
n010_085.bnet,random_mc,29.0,6,14,410,50,128,4,asynchronous
n010_091.bnet,sd_mc,,464,0,5040,0,1024,2,asynchronous
n010_091.bnet,null_mc,,4,12,5028,460,1024,2,asynchronous
n010_091.bnet,random_mc,0.0,4,12,5028,460,1024,2,asynchronous
n010_091.bnet,random_mc,1.0,4,12,5028,460,1024,2,asynchronous
n010_091.bnet,random_mc,2.0,4,12,5028,460,1024,2,asynchronous
n010_091.bnet,random_mc,3.0,4,12,5028,460,1024,2,asynchronous
n010_091.bnet,random_mc,4.0,4,12,5028,460,1024,2,asynchronous
n010_091.bnet,random_mc,5.0,4,12,5028,460,1024,2,asynchronous
n010_091.bnet,random_mc,6.0,4,12,5028,460,1024,2,asynchronous
n010_091.bnet,random_mc,7.0,4,12,5028,460,1024,2,asynchronous
n010_091.bnet,random_mc,8.0,4,12,5028,460,1024,2,asynchronous
n010_091.bnet,random_mc,9.0,4,12,5028,460,1024,2,asynchronous
n010_091.bnet,random_mc,10.0,4,12,5028,460,1024,2,asynchronous
n010_091.bnet,random_mc,11.0,4,12,5028,460,1024,2,asynchronous
n010_091.bnet,random_mc,12.0,4,12,5028,460,1024,2,asynchronous
n010_091.bnet,random_mc,13.0,4,12,5028,460,1024,2,asynchronous
n010_091.bnet,random_mc,14.0,4,12,5028,460,1024,2,asynchronous
n010_091.bnet,random_mc,15.0,4,12,5028,460,1024,2,asynchronous
n010_091.bnet,random_mc,16.0,4,12,5028,460,1024,2,asynchronous
n010_091.bnet,random_mc,17.0,4,12,5028,460,1024,2,asynchronous
n010_091.bnet,random_mc,18.0,4,12,5028,460,1024,2,asynchronous
n010_091.bnet,random_mc,19.0,4,12,5028,460,1024,2,asynchronous
n010_091.bnet,random_mc,20.0,4,12,5028,460,1024,2,asynchronous
n010_091.bnet,random_mc,21.0,4,12,5028,460,1024,2,asynchronous
n010_091.bnet,random_mc,22.0,4,12,5028,460,1024,2,asynchronous
n010_091.bnet,random_mc,23.0,4,12,5028,460,1024,2,asynchronous
n010_091.bnet,random_mc,24.0,4,12,5028,460,1024,2,asynchronous
n010_091.bnet,random_mc,25.0,4,12,5028,460,1024,2,asynchronous
n010_091.bnet,random_mc,26.0,4,12,5028,460,1024,2,asynchronous
n010_091.bnet,random_mc,27.0,4,12,5028,460,1024,2,asynchronous
n010_091.bnet,random_mc,28.0,4,12,5028,460,1024,2,asynchronous
n010_091.bnet,random_mc,29.0,4,12,5028,460,1024,2,asynchronous
n010_094.bnet,sd_mc,,244,40,5864,252,1024,2,asynchronous
n010_094.bnet,null_mc,,5,20,5884,491,1024,2,asynchronous
n010_094.bnet,random_mc,0.0,5,20,5884,491,1024,2,asynchronous
n010_094.bnet,random_mc,1.0,5,20,5884,491,1024,2,asynchronous
n010_094.bnet,random_mc,2.0,5,20,5884,491,1024,2,asynchronous
n010_094.bnet,random_mc,3.0,5,20,5884,491,1024,2,asynchronous
n010_094.bnet,random_mc,4.0,5,20,5884,491,1024,2,asynchronous
n010_094.bnet,random_mc,5.0,5,20,5884,491,1024,2,asynchronous
n010_094.bnet,random_mc,6.0,5,20,5884,491,1024,2,asynchronous
n010_094.bnet,random_mc,7.0,5,20,5884,491,1024,2,asynchronous
n010_094.bnet,random_mc,8.0,5,20,5884,491,1024,2,asynchronous
n010_094.bnet,random_mc,9.0,5,20,5884,491,1024,2,asynchronous
n010_094.bnet,random_mc,10.0,5,20,5884,491,1024,2,asynchronous
n010_094.bnet,random_mc,11.0,5,20,5884,491,1024,2,asynchronous
n010_094.bnet,random_mc,12.0,5,20,5884,491,1024,2,asynchronous
n010_094.bnet,random_mc,13.0,5,20,5884,491,1024,2,asynchronous
n010_094.bnet,random_mc,14.0,5,20,5884,491,1024,2,asynchronous
n010_094.bnet,random_mc,15.0,5,20,5884,491,1024,2,asynchronous
n010_094.bnet,random_mc,16.0,5,20,5884,491,1024,2,asynchronous
n010_094.bnet,random_mc,17.0,5,20,5884,491,1024,2,asynchronous
n010_094.bnet,random_mc,18.0,5,20,5884,491,1024,2,asynchronous
n010_094.bnet,random_mc,19.0,5,20,5884,491,1024,2,asynchronous
n010_094.bnet,random_mc,20.0,5,20,5884,491,1024,2,asynchronous
n010_094.bnet,random_mc,21.0,5,20,5884,491,1024,2,asynchronous
n010_094.bnet,random_mc,22.0,5,20,5884,491,1024,2,asynchronous
n010_094.bnet,random_mc,23.0,5,20,5884,491,1024,2,asynchronous
n010_094.bnet,random_mc,24.0,5,20,5884,491,1024,2,asynchronous
n010_094.bnet,random_mc,25.0,5,20,5884,491,1024,2,asynchronous
n010_094.bnet,random_mc,26.0,5,20,5884,491,1024,2,asynchronous
n010_094.bnet,random_mc,27.0,5,20,5884,491,1024,2,asynchronous
n010_094.bnet,random_mc,28.0,5,20,5884,491,1024,2,asynchronous
n010_094.bnet,random_mc,29.0,5,20,5884,491,1024,2,asynchronous
n010_097.bnet,sd_mc,,0,0,18,0,8,2,asynchronous
n010_097.bnet,null_mc,,0,0,18,0,8,2,asynchronous
n010_097.bnet,random_mc,0.0,0,0,18,0,8,2,asynchronous
n010_097.bnet,random_mc,1.0,0,0,18,0,8,2,asynchronous
n010_097.bnet,random_mc,2.0,0,0,18,0,8,2,asynchronous
n010_097.bnet,random_mc,3.0,0,0,18,0,8,2,asynchronous
n010_097.bnet,random_mc,4.0,0,0,18,0,8,2,asynchronous
n010_097.bnet,random_mc,5.0,0,0,18,0,8,2,asynchronous
n010_097.bnet,random_mc,6.0,0,0,18,0,8,2,asynchronous
n010_097.bnet,random_mc,7.0,0,0,18,0,8,2,asynchronous
n010_097.bnet,random_mc,8.0,0,0,18,0,8,2,asynchronous
n010_097.bnet,random_mc,9.0,0,0,18,0,8,2,asynchronous
n010_097.bnet,random_mc,10.0,0,0,18,0,8,2,asynchronous
n010_097.bnet,random_mc,11.0,0,0,18,0,8,2,asynchronous
n010_097.bnet,random_mc,12.0,0,0,18,0,8,2,asynchronous
n010_097.bnet,random_mc,13.0,0,0,18,0,8,2,asynchronous
n010_097.bnet,random_mc,14.0,0,0,18,0,8,2,asynchronous
n010_097.bnet,random_mc,15.0,0,0,18,0,8,2,asynchronous
n010_097.bnet,random_mc,16.0,0,0,18,0,8,2,asynchronous
n010_097.bnet,random_mc,17.0,0,0,18,0,8,2,asynchronous
n010_097.bnet,random_mc,18.0,0,0,18,0,8,2,asynchronous
n010_097.bnet,random_mc,19.0,0,0,18,0,8,2,asynchronous
n010_097.bnet,random_mc,20.0,0,0,18,0,8,2,asynchronous
n010_097.bnet,random_mc,21.0,0,0,18,0,8,2,asynchronous
n010_097.bnet,random_mc,22.0,0,0,18,0,8,2,asynchronous
n010_097.bnet,random_mc,23.0,0,0,18,0,8,2,asynchronous
n010_097.bnet,random_mc,24.0,0,0,18,0,8,2,asynchronous
n010_097.bnet,random_mc,25.0,0,0,18,0,8,2,asynchronous
n010_097.bnet,random_mc,26.0,0,0,18,0,8,2,asynchronous
n010_097.bnet,random_mc,27.0,0,0,18,0,8,2,asynchronous
n010_097.bnet,random_mc,28.0,0,0,18,0,8,2,asynchronous
n010_097.bnet,random_mc,29.0,0,0,18,0,8,2,asynchronous
n010_098.bnet,sd_mc,,28,0,91,0,32,2,asynchronous
n010_098.bnet,null_mc,,6,7,84,22,32,2,asynchronous
n010_098.bnet,random_mc,0.0,6,7,84,22,32,2,asynchronous
n010_098.bnet,random_mc,1.0,6,7,84,22,32,2,asynchronous
n010_098.bnet,random_mc,2.0,6,7,84,22,32,2,asynchronous
n010_098.bnet,random_mc,3.0,6,7,84,22,32,2,asynchronous
n010_098.bnet,random_mc,4.0,6,7,84,22,32,2,asynchronous
n010_098.bnet,random_mc,5.0,6,7,84,22,32,2,asynchronous
n010_098.bnet,random_mc,6.0,6,7,84,22,32,2,asynchronous
n010_098.bnet,random_mc,7.0,6,7,84,22,32,2,asynchronous
n010_098.bnet,random_mc,8.0,6,7,84,22,32,2,asynchronous
n010_098.bnet,random_mc,9.0,6,7,84,22,32,2,asynchronous
n010_098.bnet,random_mc,10.0,6,7,84,22,32,2,asynchronous
n010_098.bnet,random_mc,11.0,6,7,84,22,32,2,asynchronous
n010_098.bnet,random_mc,12.0,6,7,84,22,32,2,asynchronous
n010_098.bnet,random_mc,13.0,6,7,84,22,32,2,asynchronous
n010_098.bnet,random_mc,14.0,6,7,84,22,32,2,asynchronous
n010_098.bnet,random_mc,15.0,6,7,84,22,32,2,asynchronous
n010_098.bnet,random_mc,16.0,6,7,84,22,32,2,asynchronous
n010_098.bnet,random_mc,17.0,6,7,84,22,32,2,asynchronous
n010_098.bnet,random_mc,18.0,6,7,84,22,32,2,asynchronous
n010_098.bnet,random_mc,19.0,6,7,84,22,32,2,asynchronous
n010_098.bnet,random_mc,20.0,6,7,84,22,32,2,asynchronous
n010_098.bnet,random_mc,21.0,6,7,84,22,32,2,asynchronous
n010_098.bnet,random_mc,22.0,6,7,84,22,32,2,asynchronous
n010_098.bnet,random_mc,23.0,6,7,84,22,32,2,asynchronous
n010_098.bnet,random_mc,24.0,6,7,84,22,32,2,asynchronous
n010_098.bnet,random_mc,25.0,6,7,84,22,32,2,asynchronous
n010_098.bnet,random_mc,26.0,6,7,84,22,32,2,asynchronous
n010_098.bnet,random_mc,27.0,6,7,84,22,32,2,asynchronous
n010_098.bnet,random_mc,28.0,6,7,84,22,32,2,asynchronous
n010_098.bnet,random_mc,29.0,6,7,84,22,32,2,asynchronous
n010_099.bnet,sd_mc,,496,16,5696,64,1024,2,asynchronous
n010_099.bnet,null_mc,,198,12,5700,362,1024,2,asynchronous
n010_099.bnet,random_mc,0.0,198,12,5700,362,1024,2,asynchronous
n010_099.bnet,random_mc,1.0,198,12,5700,362,1024,2,asynchronous
n010_099.bnet,random_mc,2.0,198,12,5700,362,1024,2,asynchronous
n010_099.bnet,random_mc,3.0,198,12,5700,362,1024,2,asynchronous
n010_099.bnet,random_mc,4.0,198,12,5700,362,1024,2,asynchronous
n010_099.bnet,random_mc,5.0,198,12,5700,362,1024,2,asynchronous
n010_099.bnet,random_mc,6.0,198,12,5700,362,1024,2,asynchronous
n010_099.bnet,random_mc,7.0,198,12,5700,362,1024,2,asynchronous
n010_099.bnet,random_mc,8.0,198,12,5700,362,1024,2,asynchronous
n010_099.bnet,random_mc,9.0,198,12,5700,362,1024,2,asynchronous
n010_099.bnet,random_mc,10.0,198,12,5700,362,1024,2,asynchronous
n010_099.bnet,random_mc,11.0,198,12,5700,362,1024,2,asynchronous
n010_099.bnet,random_mc,12.0,198,12,5700,362,1024,2,asynchronous
n010_099.bnet,random_mc,13.0,198,12,5700,362,1024,2,asynchronous
n010_099.bnet,random_mc,14.0,198,12,5700,362,1024,2,asynchronous
n010_099.bnet,random_mc,15.0,198,12,5700,362,1024,2,asynchronous
n010_099.bnet,random_mc,16.0,198,12,5700,362,1024,2,asynchronous
n010_099.bnet,random_mc,17.0,198,12,5700,362,1024,2,asynchronous
n010_099.bnet,random_mc,18.0,198,12,5700,362,1024,2,asynchronous
n010_099.bnet,random_mc,19.0,198,12,5700,362,1024,2,asynchronous
n010_099.bnet,random_mc,20.0,198,12,5700,362,1024,2,asynchronous
n010_099.bnet,random_mc,21.0,198,12,5700,362,1024,2,asynchronous
n010_099.bnet,random_mc,22.0,198,12,5700,362,1024,2,asynchronous
n010_099.bnet,random_mc,23.0,198,12,5700,362,1024,2,asynchronous
n010_099.bnet,random_mc,24.0,198,12,5700,362,1024,2,asynchronous
n010_099.bnet,random_mc,25.0,198,12,5700,362,1024,2,asynchronous
n010_099.bnet,random_mc,26.0,198,12,5700,362,1024,2,asynchronous
n010_099.bnet,random_mc,27.0,198,12,5700,362,1024,2,asynchronous
n010_099.bnet,random_mc,28.0,198,12,5700,362,1024,2,asynchronous
n010_099.bnet,random_mc,29.0,198,12,5700,362,1024,2,asynchronous
